GAIpos,lemp,HHI,ltdc,lni,lprod
2.2830024,1.7664417,.64213485,8.4488707,10.682836,10.784582
1.1899596,2.4336133,.82599634,7.7626681,11.928222,11.943624
1.1506019,1.9968748,1,8.9153872,12.932758,12.950599
2.8895731,4.356709,.3952699,9.6894541,14.945084,14.950288
1.7786165,.23901691,.56916165,7.5332994,10.249603,10.313628
1.5543072,3.908015,.90457338,9.9526005,14.564503,14.574387
1.9186548,3.1000922,.91743124,9.3560486,13.899792,13.910369
1.312084,2.704845,1,8.0397625,13.390354,13.395088
.1614821,.72076237,.6208064,8.273736,11.236306,11.286701
3.1138825,4.8520303,.3432529,10.231646,15.276526,15.282948
1.5149494,1.8794651,1,8.9391584,13.144844,13.159644
2.2022614,1.3974816,1,9.5250654,14.178533,14.188016
2.0407791,1.0296195,1,6.8480153,10.373502,10.402514
2.3135979,2.9719005,.69751102,9.2973471,14.358048,14.364369
2.2022614,4.0073333,.71556282,9.9222689,15.514606,15.518326
2.2921541,2.3537533,.99617773,9.4660034,14.873532,14.878005
2.8716593,.27079022,1,7.4800525,8.3624868,8.7087498
.24222314,.32353172,1,7.276238,9.6352596,9.7255688
2.6473498,2.7972813,.52085024,8.7845354,13.242999,13.254513
2.1215203,2.939162,1,9.5867701,15.560528,15.563069
.72666961,2.3608539,1,8.61695,13.409889,13.418143
.90837866,.9932518,.7677564,8.1048794,10.405121,10.500645
1.8379138,1.4690257,.41071421,7.6058826,11.038116,11.06992
1.9007409,1.7582027,.36230668,8.4250793,10.777893,10.86874
2.6687937,4.5849676,.79274982,8.9771338,17.583979,17.584162
2.9917581,2.7694588,1,9.5889482,13.712001,13.728066
2.3851874,1.9169226,.33641711,8.1116743,11.172761,11.218534
1.7711008,2.4849067,.34453073,9.1590662,12.919842,12.942841
1.9648144,1.8188882,.56617194,8.850441,12.839119,12.857473
1.931049,1.0664334,1,8.6522713,12.833456,12.84862
.54403102,.1007499,.99860179,7.0661111,10.845115,10.867703
1.1506019,4.1271343,.7073614,8.8736553,14.192622,14.197509
1.4735662,3.2580965,.97485936,9.0025282,12.414445,12.446891
1.3928251,2.9957323,.52065378,8.6707335,13.16644,13.177535
.92953503,.88830268,1,7.4991546,10.194116,10.259477
1.7157893,4.1431346,1,9.4048662,12.552027,12.594103
2.1429641,.61247927,.82025218,7.0072832,10.868093,10.888925
2.0208397,2.74084,.8058843,9.0729837,12.863337,12.885673
2.5666089,2.7013612,1,9.0435972,12.829962,12.852386
.78625429,1.7074716,.54582858,8.3714437,12.044103,12.069194
1.6764315,.94312739,1,6.8971052,9.3596506,9.441431
2.3044462,4.2046928,.51927257,9.6235514,14.417457,14.425702
1.4342084,1.8674852,1,7.8797464,11.656901,11.679531
.94773644,3.4537582,.5638994,9.2215757,13.871576,13.881093
.40370536,2.2202899,1,6.4962406,9.5979357,9.6419268
1.2313429,5.1834674,.58041346,9.7690001,16.380486,16.38183
2.9309564,5.7588987,.18440963,5.8604226,16.866852,16.866867
1.3534672,4.8362818,1,9.2669964,13.695977,13.707833
.40370536,2.1517622,1,8.4969511,11.442971,11.494185
1.312084,1.105588,.4434478,7.9999638,11.173918,11.214904
2.130672,3.5067878,.58994406,8.1639462,10.119446,10.251783
3.5175877,5.1149955,.66652441,9.8722668,15.438654,15.442472
2.6242702,5.4205351,.63785475,9.1446934,12.629074,12.659286
2.080137,1.901361,.5305295,8.2982607,9.5074778,9.7686338
2.4659283,3.2580965,1,9.818881,14.530419,14.539371
1.4735662,1.686399,1,9.1555538,13.596526,13.608242
2.1429641,2.4849067,.83899498,8.8001833,11.122802,11.216308
1.9600381,2.5775619,.3814345,9.0998936,12.945071,12.966228
2.0407791,1.3004642,.77250391,8.1548481,10.348056,10.453819
1.2313429,2.806386,.85142708,8.4298334,10.989611,11.06409
3.5681229,3.1863527,.75971335,8.327857,9.6225166,9.8646708
2.9524002,1.6714733,.59407711,8.517911,7.3216295,8.7820549
1.0698607,3.6428356,.65629244,9.6195841,14.45244,14.460373
2.3044462,2.0668628,.7710405,9.3317394,13.462165,13.478113
1.3443155,3.4815786,1,9.2662573,14.467663,14.473156
.90837866,1.7469364,.7392568,8.6385088,8.6996813,9.36271
1.3749111,2.7911651,1,7.3095002,11.833082,11.843874
2.1429641,.34358969,1,7.7313061,9.6214342,9.7621107
1.1324005,.74431545,1,7.3122373,10.813169,10.842893
3.3760452,3.0155349,.35471994,8.9888639,13.39341,13.405557
1.1092186,2.1041341,.50000149,9.111886,14.061668,14.068728
1.9007409,3.5553482,.78824353,9.4253483,13.715692,13.729299
4.2069254,2.4849067,.42660272,8.9494333,12.469337,12.49851
2.8394277,1.7749523,.65393549,8.4415426,11.631014,11.671381
.72666961,3.4893913,1,7.249774,12.088476,12.096363
1.8379138,4.7469563,.33687365,9.5697107,14.977202,14.981675
1.4735662,2.3978953,.98657024,8.3003283,11.01133,11.075684
2.1521158,1.5475625,.83791965,8.2037477,10.037421,10.185691
2.9201689,.79118091,1,7.4241438,11.91638,11.927513
2.0208397,3.8286414,1,9.2659655,13.061199,13.083427
.70551318,.92979908,.35519183,7.9029593,10.68021,10.740561
1.3928251,2.7206373,.60650814,8.5561628,11.468001,11.52095
1.9186548,4.1850991,.72550422,9.870841,16.529123,16.530405
1.1506019,4.0357618,1,8.3224688,12.051551,12.075282
2.4676664,1.6380254,.59589034,8.7232399,12.914685,12.929697
3.3760452,1.762159,.3203662,8.2488184,10.92388,10.990513
.78625429,3.4965076,.53062272,8.7151117,13.121418,13.133545
1.8379138,1.9480507,.46506381,8.096364,11.792745,11.817254
3.3167479,2.2192035,.39910361,8.9818077,13.253393,13.267257
.70551318,2.1162555,.9592604,8.7967939,10.580115,10.735476
1.4735662,4.869072,1,9.5367327,15.853827,15.85563
.86699533,1.2581768,1,8.3221579,11.116782,11.176124
1.5543072,3.6558397,.77303046,9.2148619,14.475618,14.480797
2.2237053,4.9416423,.47993308,10.272671,15.867881,15.87159
2.8394277,2.3314641,.26540542,8.8687677,11.621789,11.683575
3.1731796,3.4339871,.9178822,9.1272364,12.161777,12.208754
3.1230342,2.5336969,.84620786,8.8551788,13.650244,13.658481
3.6973734,4.2626801,1,9.4440355,12.890854,12.922204
.46328998,.41343328,1,9.135622,10.030457,10.373107
2.1429641,3.1834559,.96115249,8.2999325,10.841116,10.91694
.98911971,2.1687107,.49202156,8.7538662,13.089842,13.102846
2.6473498,2.2906137,1,8.9209976,12.095811,12.136763
2.080137,2.3475585,.69310224,8.6732092,12.454926,12.477455
1.1506019,2.3125355,1,8.8737202,13.082099,13.09686
2.2901287,3.5723457,.27048409,9.1777363,14.469917,14.474936
2.0407791,.22872794,1,7.8869748,11.510543,11.53688
2.4659283,4.2904596,1,8.7611446,11.833314,11.878594
1.9400986,2.5095992,.31002614,8.6093302,12.272292,12.297626
3.7598112,1.3083328,.37042138,8.6980047,12.391172,12.415761
2.830276,3.1780539,1,9.144887,12.815841,12.840975
1.2313429,2.1860514,.34701928,7.9021249,10.575283,10.642038
1.1506019,2.3025851,.37431815,8.4384241,11.792533,11.826877
1.0698607,2.6336858,.99004847,8.8181753,12.982413,12.997836
2.3135979,3.4719665,1,8.9469252,11.602358,11.670267
2.062223,3.1612468,.73258322,9.0796757,12.391172,12.426985
1.312084,4.2766662,.29871303,9.5933208,14.874551,14.879623
3.6810956,5.8522024,1,9.8707218,14.024692,14.040271
1.6350483,4.1046743,.59056592,9.7432241,14.873185,14.879085
3.8103461,4.3901806,.99284083,9.676403,15.47215,15.475186
1.6764315,1.9213247,1,8.4848957,12.2145,12.238219
1.9814819,2.6039481,1,8.6582155,11.751207,11.795574
1.0516593,2.8332133,1,8.6751747,7.6832504,8.9906139
2.6687937,3.713572,.97269469,8.2181015,12.638825,12.650779
1.5956905,2.0533543,1,8.3853064,10.549604,10.658307
2.062223,5.1984968,.31232357,10.460788,15.808805,15.81355
2.6473498,1.0079579,1,7.2350121,6.1909981,7.5366259
3.2339814,2.7343676,.74217743,9.4442081,14.307358,14.315054
1.7571727,2.6026897,.53942865,8.1095591,12.382425,12.396271
1.7711008,4.2341065,1,8.9541502,11.98231,12.02958
.62477207,3.3322046,.5061397,9.205595,13.690777,13.701988
2.080137,3.992976,.26146853,9.9273329,15.504622,15.508398
.92953503,4.3174882,1,9.99368,13.876607,13.896988
.92953503,3.8918202,1,7.9242392,9.6783209,9.8379421
.52582967,1.7749523,1,8.6035986,12.390757,12.413164
2.0407791,2.9444389,.38212562,8.843751,12.957509,12.973723
.84879398,2.4503152,1,8.0862169,10.881143,10.940468
3.8011944,2.1633229,1,8.7986879,12.09592,12.132237
2.0407791,.068592794,1,8.0905685,10.664488,10.737958
4.0617208,2.1162555,.56639904,8.4321709,13.294637,13.302338
5.207973,.87671798,1,8.814311,12.400074,12.427413
2.6059666,3.8801196,.5111382,9.163497,13.871482,13.880465
1.8379138,4.7544518,.24691892,9.6317015,14.642752,14.649394
1.1506019,1.751111,.52810895,8.4220963,12.552129,12.568083
1.1506019,1.9471951,.53210437,7.8645763,7.2896104,8.3110065
1.6978754,2.1400661,.67861372,9.299777,12.855184,12.883352
2.6687937,1.011601,.57809466,9.131031,12.569222,12.600841
2.4265707,2.6300166,.34657419,8.5063572,11.598391,11.642799
2.1429641,1.0529174,1,7.5317173,12.411192,12.418764
.48444641,2.7517481,1,8.9948168,12.884647,12.90489
.86699533,.6135627,1,7.3608046,9.7229443,9.8129845
.92953503,4.3346729,.82918668,10.201306,17.114429,17.115423
3.0816507,1.9459101,.39771751,9.019598,12.803446,12.825926
2.062223,5.7462034,.42759252,9.3216887,14.319715,14.326444
2.0085475,.34003732,1,8.9148664,12.095957,12.136657
3.5681229,1.3083328,.61137557,8.2067871,11.469333,11.506908
3.2431331,5.1233687,1,9.3838911,14.123976,14.132676
1.0284774,1.605229,.81391007,9.0956745,11.212342,11.326057
1.2313429,2.4318573,.73355293,8.3609371,12.199094,12.220398
2.5466695,3.650866,.74737424,9.4145908,13.181346,13.204209
1.4735662,1.7749523,1,7.928205,11.223963,11.260333
2.14695,2.3288374,1,9.0255089,14.599382,14.60317
1.0698607,2.1747518,1,8.4028978,10.847815,10.930991
1.9186548,1.1672051,.63165331,8.3469467,12.171486,12.19308
1.3928251,3.0558863,1,8.4596004,12.64304,12.658171
1.4556522,1.8035233,.99226755,7.7329793,10.401258,10.468329
1.3928251,4.6101575,.25740895,9.6458893,14.778049,14.783936
1.312084,5.7235851,.17093088,9.9818659,15.815458,15.818381
1.6350483,3.7612002,1,9.0482941,14.27359,14.278955
2.3243856,2.7080503,.4100965,9.1843596,12.073309,12.127451
3.5589712,3.3437448,.51600426,8.0415335,11.461456,11.493648
.62477207,1.6478891,.94988143,7.4543457,12.530579,12.536802
1.8379138,3.6888795,.38792947,8.4906483,13.459749,13.466675
1.2524993,4.2195077,1,9.7440844,13.937139,13.952127
1.6764315,2.0149031,.60159016,8.649868,12.326227,12.351228
1.1092186,1.410987,.8251912,8.456708,12.47114,12.489032
1.2707007,3.2027464,1,8.8221426,13.578844,13.587401
1.9600381,2.6620064,.56481296,8.1632471,11.54798,11.581306
3.4337063,1.3156036,1,8.9982595,9.672039,10.084002
2.4858677,4.3944492,.52698374,9.8574381,14.317094,14.328594
1.6171343,2.7080503,.59049261,8.8573713,12.698534,12.719775
.76805288,1.8245493,1,9.7639189,12.860106,12.904334
1.6350483,1.4788735,1,7.3769946,10.038106,10.105643
1.1506019,1.6024133,.85627586,8.1261997,12.014481,12.034754
.46328998,3.8437443,.5478465,7.143486,10.653378,10.682839
1.2544228,.36325327,1,9.4485636,13.149302,13.173706
.86699533,2.5583119,.99281573,8.4618683,13.341545,13.349115
1.312084,3.1548705,1,9.1896267,13.496377,13.509765
6.2888002,5.7137327,.37095964,9.8053961,15.403384,15.407083
.24222314,2.1192629,1,8.9268007,11.171857,11.272535
1.6903597,5.0625949,1,8.9175205,13.629985,13.638927
3.1946235,1.3045418,.99421811,9.17869,13.280642,13.297047
2.2022614,5.9188938,1,9.2794142,15.647506,15.64922
1.7571727,2.4835725,.6595059,8.5790033,11.249797,11.316706
1.7157893,3.063391,.56459725,9.0527258,13.312972,13.326992
3.3167479,5.2007046,1,9.2494278,13.280508,13.298107
1.3928251,1.1006103,.95973706,8.6921291,11.584756,11.638705
.24222314,.041141942,1,7.7982602,10.780435,10.829874
1.2544228,2.7972813,.59148717,8.6732645,12.643363,12.662058
1.9163049,2.3418057,.42263848,8.7393131,12.741399,12.759511
1.6350483,3.9120231,.14523479,9.2419405,14.592386,14.597121
.78625429,1.8718022,.25937918,8.2609358,12.025355,12.048272
4.3684072,1.9600948,.37480131,8.913641,9.4436188,9.9064837
2.3943391,.89486277,1,8.2850533,11.586263,11.622439
1.1092186,4.6793494,.84958768,9.3748798,16.205618,16.206697
1.9186548,1.4868182,1,8.2840452,10.789209,10.867708
1.8411562,.27763173,1,7.9526162,11.376475,11.408543
2.6687937,3.8794999,1,9.3698969,12.898889,12.927801
.98911971,2.3125355,.407033,8.4257793,12.068539,12.094382
1.9814819,3.3322046,.7727105,8.8719978,11.950632,11.995626
1.2313429,4.8481164,.3641066,9.6784372,16.535994,16.537045
.67816007,5.1298985,.31195375,9.7768402,14.092133,14.105407
2.728091,1.954445,1,8.8844404,13.11706,13.13147
2.0407791,1.7573406,.5434317,8.6263456,10.976286,11.067383
.98911971,2.0135689,1,8.7280588,13.007703,13.021456
2.979466,1.2270055,1,7.9866457,12.608992,12.618773
.72666961,3.4271901,.50267446,8.9916525,13.833024,13.840889
1.312084,6.3355861,.81326026,8.380023,10.724757,10.816308
2.6867077,3.7841897,1,9.4041376,14.26041,14.26816
1.9186548,1.7578579,.57217765,8.32234,12.444767,12.460842
1.8772715,5.9939613,1,9.3217802,14.381961,14.388285
2.5164633,1.1872334,1,8.3443499,10.962365,11.032775
.54403102,1.0814661,.51717448,7.193419,9.4938641,9.5893688
1.5543072,1.118088,1,7.7444544,8.638525,8.9813967
.8992269,1.4235902,.81790847,7.8281112,11.423223,11.450311
.56518745,2.0149031,1,9.2573061,13.054618,13.076801
1.1506019,1.2527629,1,7.2030506,11.464869,11.478868
1.5543072,2.9957323,.40614715,9.1056709,12.239512,12.282141
1.3928251,1.3817842,1,9.0980492,12.017401,12.069963
1.6171343,2.0573237,.82298607,9.7117405,13.369998,13.395449
1.6978754,2.6448975,.50725353,8.2977839,12.571477,12.585311
2.0440216,4.3956828,.60382038,10.00923,13.879425,13.900064
3.5589712,2.3978953,1,8.5218124,12.325257,12.347306
1.8685093,2.3633978,.50466645,9.3571148,14.081203,14.090043
.24222314,1.5040774,.94329232,9.5564861,11.8751,11.968964
3.5589712,2.9183111,.40236929,8.5481853,13.085702,13.096345
1.1538444,.68813461,1,9.2562914,9.4043159,10.026187
2.2830024,1.704748,.3974508,8.2398338,8.4194336,9.0268068
1.2524993,5.5872488,1,9.6410894,14.735794,14.741904
.54403102,1.1314021,.47275883,7.823113,10.278081,10.360458
1.5363933,.76080585,.94914514,9.1033735,11.90344,11.962468
4.3684072,1.1568812,.69450825,7.4311824,10.787806,10.822065
1.3928251,2.587764,.51734644,8.5447893,11.666513,11.70965
1.6978754,4.0604429,1,9.4506979,14.203265,14.211858
2.2237053,3.4657359,1,8.883935,13.289141,13.301281
2.2830024,2.3978953,1,8.6440754,12.926188,12.939908
1.2313429,4.2682977,.95480853,9.9369707,14.325737,14.338077
.70551318,5.3881578,1,10.057731,15.389183,15.394009
2.1198843,1.8806857,1,8.5063887,11.797295,11.833838
2.4659283,4.2626801,1,9.7934275,15.750216,15.7528
1.312084,1.5344988,.60191578,8.5132799,11.733358,11.772533
1.0698607,1.6667629,.55351502,8.1296663,11.450352,11.485842
1.9993958,3.4468079,1,9.1338282,14.68177,14.685658
3.2200532,2.6667421,.99970859,8.8650684,13.144841,13.158591
1.3928251,2.141242,1,8.2071943,11.166215,11.216784
1.1092186,1.7917595,1,7.8181853,11.320683,11.35036
1.6350483,4.5086594,.48881331,9.5281973,15.387454,15.390304
2.5252256,2.0668628,.82309216,8.1887875,10.823791,10.893054
1.3928251,2.4874866,.27790365,7.1983232,11.826716,11.836439
3.1946235,2.7725887,.54341745,9.3309479,13.818174,13.829364
1.9278065,1.4447991,.5740934,8.2452297,9.3669453,9.648901
4.7096748,3.440418,.89591634,9.2868462,11.931643,12.000254
.78625429,1.10194,.32673889,8.5661402,11.002045,11.085943
.94773644,.71441931,.40646917,6.4759569,10.493383,10.511222
2.5880527,.6749832,1,7.8286414,9.5543556,9.7182121
1.312084,.67701781,.96830499,8.2124176,11.890773,11.915723
.46328998,1.5234442,1,8.6854839,10.894645,10.998817
3.1138825,2.9123507,.22552285,9.4360199,12.90122,12.932008
.54403102,1.2464575,.76335108,8.4373045,10.150035,10.315866
1.1506019,1.2725656,.51766008,7.7183676,10.213212,10.292494
1.2707007,4.1526136,1,10.12579,14.991701,14.999376
2.4659283,1.9410412,1,8.4472303,12.3308,12.351169
1.312084,4.2195077,.94313645,8.0952578,13.436688,13.441466
1.7965305,3.4171364,1,9.10604,14.415446,14.420379
3.1946235,1.6094379,.45766902,7.9823837,9.1526756,9.4229136
1.0284774,.74668795,.81374735,7.8498034,10.804665,10.855439
4.255435,2.2244072,.48327702,9.0665207,13.626785,13.63719
.98911971,2.3007834,.41034603,8.573801,13.015967,13.027669
2.6274104,4.1789923,.30139378,9.6155167,14.510489,14.517946
2.5666089,3.063391,.65975499,8.7389135,12.347142,12.373881
.46328998,.95704871,.60459471,7.6102686,11.711452,11.727869
1.3928251,3.2027464,.53558522,9.0678225,13.161348,13.177892
1.0284774,2.5952547,.4674077,8.863287,12.747275,12.767635
1.0698607,1.8296973,1,8.7115135,11.092854,11.181255
2.8374023,2.8068089,1,9.263073,12.95513,12.979745
1.9186548,1.5892352,.56782061,9.2669611,11.454247,11.560606
2.263063,1.1844841,.78174418,8.2346611,12.525277,12.538881
1.7157893,2.1747518,.90189397,8.3690376,11.446775,11.491809
1.9814819,3.0955777,1,8.9925556,11.785501,11.84494
.70551318,1.856298,.56383938,7.6626744,10.609995,10.661144
2.6059666,3.8155122,.86591339,9.5457239,14.62481,14.631017
1.1092186,3.1904764,.62047476,8.8310442,14.136168,14.141123
3.729605,3.1604414,1,9.2554998,13.869369,13.879232
3.8497038,2.8929241,.4065001,9.1743355,13.975644,13.983829
1.2404947,.27914575,1,8.5669451,10.315939,10.476313
.62477207,1.3347379,.62096661,8.2571115,10.383194,10.495901
.68731183,2.6390574,1,8.4193735,13.439218,13.445801
2.47508,2.1041341,.60749704,8.5022669,12.959846,12.971371
1.4019768,2.9118614,.56757188,9.1416636,13.983565,13.991426
1.2866542,3.3809946,.63037682,9.28864,12.324305,12.371229
2.2830024,5.6058021,.51718664,9.8068285,15.645689,15.648597
1.5543072,4.3732381,1,9.7242899,16.357086,16.358402
1.6171343,3.400964,1,9.5388899,14.441628,14.449026
1.312084,3.5582011,1,9.5130119,12.860947,12.895499
1.1506019,1.057443,1,8.0181408,11.83798,11.859674
1.1506019,1.4816046,.94548339,6.5833511,10.167632,10.195011
3.1230342,.40812823,1,6.5650558,6.4178209,7.1872931
1.5363933,.70606339,.78280336,8.5319118,10.889541,10.97997
2.1429641,1.4809225,1,8.3154421,11.489701,11.530675
1.6978754,.63498825,.48695421,8.1015921,11.067721,11.117941
2.2237053,1.8123788,.89265943,8.8057623,11.686887,11.741444
.46328998,1.3711808,1,7.7998672,10.200402,10.287193
2.8481898,4.7791233,.23955207,9.7108526,16.117796,16.119444
2.3044462,1.0581374,1,8.2507601,11.264413,11.312357
1.1506019,2.6165926,.93067706,9.1119604,14.207553,14.213658
1.6764315,1.6388025,.95777416,9.1969128,13.994646,14.00286
1.5956905,1.0097811,.68224204,8.2829552,12.20006,12.219763
1.6171343,2.4248028,.7394318,8.5138922,13.016665,13.027683
1.6350483,2.6292956,.53530818,8.7948942,12.595716,12.617822
1.1506019,.78070009,.36318025,7.3237457,10.18383,10.239514
.54403102,3.2188759,1,9.1061592,12.928943,12.950574
2.2507708,4.4998097,1,9.5401754,13.642765,13.65916
1.2313429,3.1570003,.50991893,8.835886,13.596817,13.605338
2.3529558,1.3350011,.31699312,7.7929802,10.728883,10.780605
2.6473498,2.4795589,1,8.106534,11.832944,11.856738
.72666961,4.2822065,1,9.1583385,13.740317,13.7505
1.2404947,.019802628,1,8.3670387,11.022784,11.090673
.54403102,1.341297,1,7.3532658,12.65342,12.658399
.86699533,1.9294903,.39747033,8.5730896,13.279368,13.288366
1.5543072,4.7957907,.34364945,9.0827017,15.373094,15.374947
.78625429,2.2925348,.71293938,8.4437981,11.748006,11.784076
2.728091,3.2052636,.54001009,9.0272303,12.119228,12.163639
2.3637433,3.7055891,.99910194,9.3415165,13.699838,13.712557
3.0924387,2.5952547,1,8.5080004,12.301993,12.324249
2.3637433,2.1246538,.52631748,8.8318272,13.186153,13.198923
2.0407791,2.5176964,.52147561,9.1438055,12.940763,12.962955
1.1899596,3.0819099,.64669591,8.6332331,12.353296,12.37724
.94773644,.53062826,.4057464,7.567636,11.457233,11.47748
1.4735662,2.6871669,1,9.1638508,14.07067,14.078039
.70551318,.53473747,.86325037,7.4721546,11.025333,11.053565
2.1700296,3.309411,.98307729,9.1144524,14.5353,14.539714
1.5634589,3.856045,1,8.5131598,14.120788,14.124451
1.9993958,5.4997058,.50668067,9.9718695,16.349684,16.351381
.62477207,1.4816046,.60807669,7.0442381,10.754351,10.77853
.75890118,.81093019,.98038834,8.6304703,12.235781,12.262596
1.5149494,1.6486586,.34205088,7.854682,10.768205,10.821066
3.8910871,3.9396381,.37606293,9.2730598,13.47532,13.49017
1.7571727,1.1065805,.53610414,7.8463798,11.136534,11.173105
.54403102,2.1282318,.81230366,7.8253107,10.270188,10.353368
4.0525694,1.8405496,1,9.1664934,13.971917,13.980069
2.1429641,1.974081,.51071113,8.5749626,13.987782,13.992231
2.1429641,1.1206999,.99192601,7.7513833,11.165866,11.19823
3.1715436,1.3862944,1,8.2276525,9.8268585,10.010893
1.4735662,3.9376907,.88281333,8.9083796,13.676531,13.684991
.86699533,1.686399,.66480213,8.3840895,12.026952,12.052793
2.7173033,2.5416019,.85012561,8.6199913,12.178061,12.206156
1.3960675,2.451005,.64867175,8.566144,11.223517,11.2913
.98911971,1.4078112,1,8.2214746,10.621108,10.707974
1.9600381,3.4011974,1,8.9141617,12.295308,12.328752
.94773644,1.5892352,1,8.400919,11.924371,11.953442
1.0284774,3.4658296,1,9.3405638,14.792458,14.796737
.70551318,2.3418057,.64795965,8.5494003,12.084379,12.113122
1.312084,2.8533044,1,8.8386011,11.702727,11.758193
.32296419,1.0986123,1,8.396718,11.057425,11.124989
.70551318,1.3812819,.38076428,8.6488848,13.185973,13.19662
1.4735662,1.9648721,.5583905,8.5314245,12.082603,12.110889
1.5956905,3.1385331,.31669843,9.104826,13.332193,13.346679
.62477207,1.3496304,.80141968,8.5260353,10.902359,10.991186
1.1092186,4.8283138,.43858683,9.3050804,13.76842,13.779878
3.1623921,4.4426513,1,9.3486624,14.91889,14.922692
2.062223,2.6246686,.55359644,8.2199392,12.607422,12.619777
1.7571727,2.2925348,.432174,8.8850126,12.789222,12.809178
.48444641,2.5649493,.91829664,7.5962,11.697777,11.714189
2.7888927,2.2541299,.98980963,8.6288052,13.125693,13.136775
1.1324005,.94856429,1,8.8170872,12.099845,12.136683
1.2313429,5.1416636,.90338564,9.4264755,15.553459,15.55564
1.9993958,6.0776424,1,9.3852062,15.222261,15.225174
1.1506019,2.0149031,1,7.8197227,11.097556,11.134573
1.2313429,5.358942,.30599678,9.6074772,15.689822,15.692102
1.2313429,3.3322046,1,8.1577654,11.729745,11.757458
2.6202843,4.2442002,.49836972,9.5049953,13.268831,13.291761
2.0407791,2.5113051,.43551028,8.3278217,12.028908,12.053305
1.9186548,2.4434769,1,8.9703226,12.750493,12.773055
1.7571727,2.0541236,.66077495,8.818409,12.942789,12.958834
.94773644,3.1612468,.39720401,8.5564718,10.692687,10.804318
3.2845163,1.7052934,1,9.084075,13.459435,13.471941
.40370536,.33289441,1,7.5372915,10.664052,10.706977
.94773644,7.6966672,.78755504,9.6088924,16.568726,16.569674
1.9993958,5.529429,1,8.9068136,14.868894,14.871465
1.1506019,.89363605,.48056835,8.1551123,11.581876,11.613852
.84879398,2.74084,.25249982,5.9664235,13.074612,13.07543
1.1899596,1.0557048,.94821388,8.1317787,11.864399,11.888047
.46328998,1.7917595,1,9.4381275,11.922918,12.00297
1.3928251,.27383667,1,8.2633743,12.335089,12.351994
.76805288,4.4434981,1,9.5003862,13.904864,13.917013
6.1972713,1.0732945,.32536054,7.2257247,10.871845,10.897603
1.5543072,4.6151204,1,9.5223417,13.532265,13.550237
3.0816507,2.0466599,.81137639,8.9321175,13.396455,13.407902
3.1138825,1.657847,.84741163,9.1912842,13.308014,13.324181
4.6754179,1.6509637,.68053037,8.3961849,12.863509,12.874922
.86699533,2.0281482,.9274382,8.9835186,11.684924,11.74988
1.3928251,2.0413501,1,8.5606623,12.010141,12.041409
1.3928251,2.442347,.47616389,8.3763113,11.727508,11.76195
3.8604915,5.0005851,.47728994,9.2708216,13.67318,13.685354
2.2416191,5.2933049,.80549717,9.9364214,14.608531,14.61784
1.6764315,2.5649493,.50041294,8.621233,12.562351,12.581592
1.0731032,.35837349,1,6.163228,9.6748285,9.7042408
1.6978754,.91709042,.29177564,7.4915195,10.660415,10.701605
1.7786165,1.9579799,1,8.6457472,11.873902,11.912767
.43593681,1.9235184,.82369787,8.713438,11.038823,11.132082
.78625429,1.8716483,1,8.2074108,12.162789,12.18176
3.9718282,4.2626801,.85519338,9.3239536,14.744125,14.748542
2.4265707,3.6136169,1,8.8674593,11.755733,11.809911
2.5466695,4.0395718,.50281715,9.8998022,15.244705,15.249466
1.1506019,1.9271641,1,9.0499086,13.969748,13.977021
4.5068097,.062035389,1,8.5346136,12.116486,12.143929
1.9993958,4.8598123,.62919563,8.808794,16.744568,16.744926
3.4368467,4.8903489,.59845948,11.190029,16.111206,16.118469
3.9809799,2.2925348,1,8.5354795,12.240221,12.26453
1.6764315,1.7336005,1,8.6965361,13.044656,13.057504
2.7586865,.22872794,1,7.9539571,10.878028,10.93035
.78625429,1.5997915,.66881758,6.3960052,10.475409,10.492185
1.1092186,2.5785487,.66683608,8.0333862,11.542976,11.572447
1.7157893,1.8033586,1,7.6571784,10.551341,10.605209
1.2313429,2.9704144,1,7.5171423,10.837108,10.872623
.86699533,1.5040774,1,9.1706619,12.582004,12.614468
2.5880527,.43825492,.62434417,7.2425346,10.494214,10.532193
1.4556522,2.0487247,.55362415,9.1000443,12.104787,12.15315
.62477207,1.5977701,.96676373,9.3089228,12.645442,12.680385
.78625429,1.6176045,1,8.2685909,12.225426,12.244369
2.3135979,2.7705867,.80667263,9.9667625,12.668287,12.733235
2.898725,2.6026156,1,9.7603598,12.889114,12.931955
2.062223,3.4011974,1,8.9259691,12.400272,12.430785
.62477207,1.6486586,.86061335,8.5561657,12.493883,12.513188
1.9993958,.64448202,.95165277,8.2682123,11.346391,11.391405
.94773644,1.4445633,.84441787,6.9116969,10.370665,10.401642
2.9524002,3.0910425,1,9.0598021,13.465482,13.477615
1.6171343,.95165789,.99062645,9.0430861,12.758959,12.783002
1.480368,2.5376573,1,9.4923563,13.372345,13.392786
2.3243856,2.721427,1,9.1294527,12.388091,12.425812
1.7786165,1.7613002,1,8.6496315,11.541756,11.595731
1.3534672,1.4816046,.64179283,8.0571728,11.138867,11.183727
.84879398,1.704748,1,6.0623384,11.24057,11.246192
.68731183,2.8213789,1,8.4802732,13.097491,13.107323
3.3167479,3.3322046,.42360216,9.9691525,15.708472,15.711684
1.312084,2.5649493,1,8.4974699,11.38436,11.438611
3.5589712,2.0049872,1,8.4081526,11.402869,11.451707
1.5543072,3.0032043,1,8.6964312,11.326262,11.395873
.92953503,.91629076,1,6.9262176,10.293162,10.327075
.32296419,2.5226038,1,8.4986305,12.198828,12.223247
1.9186548,3.3142223,.99394947,9.2027416,14.029009,14.036993
1.5956905,.63233507,.73614472,8.331048,11.798723,11.829436
1.0698607,.74003077,.85004884,7.477273,10.740367,10.777923
3.8052824,1.9600948,1,8.5901251,12.164488,12.192136
2.5073116,2.6741486,1,9.200139,14.008333,14.016462
.48444641,1.2068686,1,8.3132248,11.119231,11.17792
5.5815487,4.5549288,.96218061,8.938364,14.120788,14.126387
1.312084,.55961579,1,8.5179567,12.765205,12.779408
2.4265707,1.704748,.72124738,9.1209021,11.819483,11.884616
2.2237053,.22474228,.91635686,9.7517653,12.7159,12.766218
2.6202843,0,1,4.920898,10.291173,10.295815
2.2022614,1.947623,1,10.024344,14.336643,14.349957
1.0516593,.46310487,1,9.1769123,10.879235,11.046662
1.1506019,1.5040774,1,8.8596087,10.400538,10.594609
1.8033323,2.5336969,1,8.7077847,12.597269,12.617518
2.7909184,3.1755507,.64571565,10.904755,14.549641,14.575429
1.7877682,2.3978953,1,8.6660166,13.071774,13.083907
.24222314,1.5151272,1,7.2514639,10.610554,10.644731
.86699533,1.7148784,.95188028,8.053751,11.392105,11.426985
1.0698607,2.4765384,.98979098,7.5618286,9.5468369,9.6755638
5.4868798,1.2936307,1,8.7992611,11.413028,11.483727
1.6764315,.75,1,7.8029418,10.753909,10.804877
.62477207,2.6390574,.7508468,7.3890243,10.521758,10.564433
1.5956905,1.6094379,.78701305,8.6248617,10.565901,10.700042
.48444641,2.2836061,1,8.2347889,12.732538,12.74361
1.9400986,1.0581374,1,8.3133039,11.283545,11.333565
.24222314,.26082462,1,6.4473057,10.405141,10.424066
2.7909184,2.0794415,1,9.0076532,12.968967,12.987826
2.5073116,2.9177706,1,8.7349777,12.737684,12.755785
1.6764315,3.7086821,.66192919,9.2675514,13.481902,13.496576
1.6764315,2.0536108,.55281121,8.1100931,10.854115,10.916443
1.0698607,.83290911,.99075669,8.8221626,11.789157,11.839334
3.1138825,2.1425338,1,9.6152668,13.219192,13.246044
1.6978754,1.6686498,.69183278,7.9060454,13.23331,13.238155
.78625429,2.1972246,.54784226,7.0963826,12.963449,12.966275
.90837866,.78936607,.77943629,7.6748033,10.809014,10.851627
1.2313429,3.6109178,1,9.2180843,13.13686,13.15653
.78625429,1.5789787,1,8.4477968,11.700862,11.738789
1.2313429,2.1507151,1,8.0814714,12.312427,12.32686
1.6350483,1.3083328,.53222787,7.8362942,9.0935822,9.3438921
3.9412327,4.3829637,.54626459,9.3064375,12.842295,12.871013
1.4342084,.84372002,.38388655,9.0617714,12.2469,12.287439
4.3755336,3.0266008,.53054255,9.5893478,14.167107,14.177332
1.9400986,3.2958369,1,9.7252102,15.118967,15.123502
1.9600381,.84242886,1,8.5688381,11.754917,11.795419
.90837866,.050693113,1,6.6321969,10.621815,10.640153
.78625429,.74384028,1,8.2762489,11.468353,11.508617
2.5164633,.66268796,1,8.1146116,8.4950838,9.0159817
.62477207,.72367638,.50179541,6.9874849,10.396668,10.429202
1.0284774,1.3862944,1,9.10639,12.186013,12.230964
1.1506019,.1806535,1,6.8007741,8.7833958,8.9124117
.44508862,2.2407098,1,9.5549221,13.429359,13.449913
.70551318,1.686399,1,7.7472715,11.707872,11.726745
.62477207,.50138116,1,8.2086525,11.289178,11.334089
1.1899596,1.1631508,.8611179,8.3337803,11.835272,11.864979
.94773644,.6836018,.76881862,7.3152666,11.2226,11.242495
2.5880527,2.6738727,1,8.5340509,11.999465,12.030246
.080741048,2.8903718,1,8.0954351,11.472145,11.505734
2.5880527,.088010877,1,7.3056154,9.6029682,9.6987553
.54403102,.3357577,1,7.3493981,9.2623005,9.4000177
.080741048,.32930374,1,6.97721,10.447468,10.478103
.86699533,2.0074084,.6359176,8.7530451,11.671418,11.724031
1.1538444,2.2300143,1,8.0314817,10.344706,10.439054
2.9309564,2.2608252,.76779789,9.6346331,11.519759,11.661094
.94773644,2.0412204,1,8.9377184,11.998235,12.044033
.62477207,.13976194,1,7.9455462,10.281821,10.374115
4.0040598,4.2341065,.87476313,8.7631054,11.049847,11.146608
1.4342084,.52532005,1,9.1388235,11.408872,11.507184
2.5880527,4.318048,1,9.6660757,16.005934,16.007698
.86699533,1.3862944,.79501343,7.8292933,9.7093163,9.851325
.56518745,1.8484548,.52589262,8.1035805,11.844393,11.86785
.24222314,.95704871,1,7.7539544,10.656757,10.710174
1.3749111,1.4122057,1,7.26788,9.9578018,10.023483
1.312084,1.7917595,.95670336,7.9307861,11.01232,11.057187
1.3960675,5.4205351,1,9.5059862,14.432497,14.439722
1.8562171,1.4931288,1,8.7145329,13.320927,13.330865
1.8379138,.98207849,.73493022,7.4738421,9.3684826,9.5085688
.40370536,.3357577,1,7.8965325,11.204315,11.240258
1.3534672,2.2210495,.89104807,8.9490805,12.126445,12.167295
.86699533,.6836018,1,7.6062088,10.620864,10.668761
1.8379138,2.4798942,1,8.3031063,11.475587,11.516632
1.3928251,1.1323694,.50719279,7.9002285,8.6611204,9.0445099
1.2313429,1.7917595,1,8.0230951,10.532577,10.61075
1.8199998,.71930212,1,7.2512274,9.8312216,9.9042625
1.0284774,2.4632573,1,7.8662858,10.813794,10.864934
3.2753646,4.9126549,1,9.5635958,11.778378,11.881996
.24222314,1.0242479,1,7.3029141,11.385997,11.402712
2.2328568,.15529288,1,7.6206126,11.81953,11.83443
1.5543072,4.3438053,.93019402,8.5785952,13.894465,13.899367
.98911971,1.3673663,1,10.64307,13.05942,13.144906
.86699533,3.8372993,.78484571,8.2112865,12.072174,12.093004
.67816007,2.1860514,1,8.0539446,11.246026,11.28629
2.3458295,2.0014801,1,8.3794594,12.140265,12.163264
1.2313429,2.9704144,1,8.9023447,12.890014,12.908386
.84879398,1.5146875,1,7.4576998,10.325591,10.380855
1.9814819,1.2014697,.52961981,8.7091236,11.172386,11.25411
.24222314,1.0989456,1,9.0014362,13.030673,13.048305
1.4159049,1.7339538,1,9.035449,13.615192,13.625398
1.1717583,2.0224743,1,6.8042927,11.01899,11.033658
3.4368467,.72996116,.80780703,8.9075012,10.558993,10.734427
.84879398,.58778667,1,8.6055174,13.0347,13.046554
2.4051268,2.0541236,.59023619,8.5026798,7.9827576,8.9692822
1.5149494,.67650956,.72126216,8.2621298,12.223074,12.24194
.1614821,2.1459312,1,9.7315893,14.838456,14.844493
1.8199998,2.5257287,.6536423,8.8456011,11.99123,12.033369
2.4842319,.86836022,.51661247,7.8025904,11.541257,11.564764
.35519576,.69314718,.55257112,7.9243164,11.740887,11.762651
2.2022614,1.8082888,.81761432,8.3287611,11.164554,11.221569
1.2313429,.45742485,1,8.0981855,13.157988,13.164314
1.0731032,.11689375,1,8.5744791,11.069982,11.149213
1.4481364,2.4176979,.89783019,9.4030809,12.462268,12.508126
.86699533,2.6720777,1,8.4355536,10.787269,10.878211
1.1899596,3.4750671,.58944863,10.326191,15.717171,15.721718
2.6687937,.46184543,1,7.9344234,10.695824,10.75711
1.5956905,2.0794415,1,9.7826147,16.22197,16.223566
3.7276816,.0099503305,1,8.1911211,12.633051,12.644755
.98911971,.45868987,1,8.2257538,10.101642,10.244199
1.312084,4.4796071,1,7.8953118,13.227325,13.232148
2.3851874,2.4102728,.36094651,10.017941,13.348381,13.383533
.92953503,2.3452613,1,8.3846807,12.406099,12.423868
2.2328568,.9932518,1,8.2522087,8.2651358,8.9518404
2.263165,.34358969,1,8.8037491,11.146676,11.238385
.24222314,.45107561,1,7.8476725,9.9932976,10.10394
1.5956905,3.2809112,.36295187,10.201283,15.146204,15.153298
3.293668,1.723659,1,6.7557225,7.7149749,8.03936
1.8199998,1.1878434,1,9.001112,10.525327,10.722366
.78625429,3.5055573,.34676254,8.6041851,13.119731,13.130609
1.8379138,3.3596807,.89547229,9.3680429,14.325537,14.332542
2.5880527,1.7148784,.84796393,7.6700931,8.5892658,8.9249153
1.5149494,3.0831935,1,8.4871826,12.959063,12.970423
.56518745,2.5095992,1,6.2718859,10.142177,10.162814
.32296419,2.2925348,1,7.7997251,11.967041,11.982416
1.5956905,.60157996,1,7.6073308,9.5820189,9.711998
.40370536,4.1108737,1,9.9460087,13.754081,13.776029
1.312084,3.4177268,.9515264,9.5178318,14.561977,14.568404
1.3153265,2.587764,1,8.3063297,11.006485,11.071519
3.729605,5.2574954,1,9.8833408,14.292532,14.304624
1.798556,.026641931,1,8.7090359,12.236274,12.265236
.62477207,3.6027768,.83129638,8.6235332,11.614754,11.663759
2.2114129,2.1860514,1,8.2416811,11.410047,11.451259
1.879297,1.3350011,1,8.7815752,11.367317,11.439955
1.7571727,1.3007364,.7239036,8.7757206,10.981693,11.086183
1.9814819,1.6981812,.24997076,8.17381,11.446191,11.483406
1.0698607,2.0794415,1,7.9796052,12.224339,12.238576
1.4342084,.99399227,.85534823,8.7519302,12.765173,12.783087
2.3712592,.018821754,1,8.2972736,11.343603,11.390041
.1614821,.46875286,1,8.4533653,12.856658,12.86882
1.9600381,1.7751218,.39044219,8.2750864,10.033389,10.192389
1.0284774,1.1927096,1,7.9729776,10.17191,10.277101
2.062223,.29266962,.95980668,7.1002269,10.345542,10.383759
1.3928251,2.095561,1,8.5580111,10.800038,10.901008
1.2313429,1.0946043,1,7.5861363,10.247952,10.315443
2.8716593,4.0604429,1,8.9561768,14.012722,14.019069
2.8071961,.88087076,1,8.6323566,9.4562626,9.820013
2.4858677,2.1972246,1,9.454999,13.473022,13.49085
.24222314,1.9315214,1,7.3146315,10.205664,10.259697
.080741048,1.403643,1,7.5726948,10.600436,10.647725
1.8470654,2.3465064,.90685022,8.9016724,12.80163,12.821671
3.5589712,3.2108436,1,8.916256,10.695522,10.851467
1.9325829,3.0910425,.82581234,10.186457,14.962384,14.970779
.40370536,2.7850113,.61188972,0,12.655818,12.655822
.8992269,1.0296195,1,10.002506,13.568306,13.596188
.86699533,3.7864826,1,8.9091253,12.291914,12.325303
1.312084,2.6390574,1,8.3155136,12.142428,12.163971
.32296419,4.2278404,1,8.409936,13.58387,13.589516
.62965059,4.1789923,1,9.1415634,13.360658,13.375262
1.5956905,2.0668628,.37510321,8.8761129,11.956762,12.001669
1.312084,4.9628448,1,8.8870163,12.607995,12.631917
.40370536,.099845335,1,7.6661825,10.305112,10.374113
.080741048,1.1216775,1,8.7157812,13.190055,13.201389
1.3212358,2.1054747,.88791019,8.7667027,12.469466,12.493822
.080741048,.2143046,1,7.8206306,10.49379,10.560545
1.4342084,.10795714,1,8.7660189,10.984671,11.08791
.84879398,.48550782,1,8.9392939,11.78237,11.838983
1.2313429,.44532666,.45385954,8.4203691,10.144104,10.308261
2.5880527,3.7184381,.77870852,9.4456053,14.70491,14.710095
1.0284774,3.122365,.41377169,8.1481047,11.196098,11.242461
.1614821,2.2624919,.94204098,7.8497729,11.10413,11.142009
3.6397123,2.0219448,1,8.4499254,10.41189,10.543428
.98911971,.46624658,1,7.5132208,11.816186,11.829623
.080741048,1.0224509,1,8.2398949,12.586529,12.599396
.54403102,1.1314021,1,6.7990975,9.7758055,9.82551
1.5956905,1.5040774,1,9.1096869,13.920485,13.928593
1.312084,2.8390784,.58941799,8.1564474,10.613574,10.695781
1.3749111,.089840703,1,5.4004965,10.599015,10.604525
1.3673954,2.0360119,1,8.8431025,11.72436,11.77891
2.8716593,2.0281482,1,9.1082563,13.173074,13.190095
1.2313429,4.8243055,.96357644,9.3048563,13.522482,13.537108
2.8716593,2.2082744,1,8.7325974,11.306184,11.379678
.70551318,5.2781148,1,8.6629391,14.584693,14.58737
.40370536,.046883587,1,8.4995747,11.139153,11.208111
1.9600381,.31481075,1,8.499115,11.997927,12.027712
.62477207,3.2188759,.89152819,5.3805623,12.41482,12.415701
.84879398,1.9459101,1,7.6823168,11.008916,11.044201
2.062223,1.5896432,.65532631,7.634294,10.952057,10.98765
1.0698607,1.4483298,.48484308,8.2280121,11.686397,11.717392
1.4342084,1.8325815,1,9.6103735,14.233333,14.243109
.78625429,2.7725887,.30642903,9.0232229,13.733579,13.742539
3.1138825,.45679173,1,8.5536537,9.8558893,10.096419
1.9600381,1.686399,1,9.5277739,11.85511,11.948195
1.1092186,1.7708763,1,7.6220164,10.364756,10.42716
2.1215203,1.1281711,1,8.2323503,12.198483,12.217254
.56518745,1.3217559,1,6.2402081,9.6191778,9.6526918
1.5149494,2.1987789,.91748852,9.1772127,12.026617,12.082883
.70551318,.27155268,1,7.2173715,7.8687644,8.2883425
.62477207,2.1032801,.71580803,8.4873552,12.147265,12.172674
1.8199998,1.071926,1,9.1343269,10.111652,10.431064
1.4735662,1.5314764,1,8.7577324,12.59065,12.612065
.60657072,.70655686,1,8.5370035,11.651562,11.695003
3.3190978,1.9829307,1,9.6223936,13.780402,13.79592
1.5363933,3.3178158,.63013434,9.0624895,13.255788,13.270772
.1614821,.75,1,9.5114717,13.595154,13.611858
1.3928251,1.3877932,1,9.0941315,13.292809,13.307713
2.5880527,2.76001,.69294125,8.5669336,12.778081,12.792801
.84879398,1.644612,1,8.9410219,12.169579,12.208428
.62477207,.91629076,.54084116,8.0069885,11.012451,11.060781
1.1506019,.91828871,1,9.6527491,13.331298,13.356243
.62477207,1.0986123,.34665585,8.58041,11.948361,11.982241
2.9917581,3.6635616,1,9.0776339,11.918764,11.975484
.32296419,.013902905,1,7.627892,10.155335,10.232169
.52582967,.73572761,1,8.0505114,10.965609,11.01839
.54403102,1.2337258,1,7.6933503,11.015306,11.050754
1.312084,.35907206,1,8.2364712,11.618792,11.652196
1.5956905,.35837349,1,8.1229448,12.309967,12.325045
2.51454,.15956457,1,8.2501545,10.902648,10.970751
1.1506019,2.3266921,.59557134,8.5892534,11.491722,11.545156
1.312084,2.3418057,.23320384,8.3457317,10.89033,10.965905
1.9814819,.99065584,1,8.7131071,12.449348,12.472912
1.679674,2.916635,.63538134,8.2666016,11.796865,11.825742
1.7786165,1.1249295,1,7.2774739,10.501069,10.540109
.90837866,2.3978953,.47938448,8.795886,11.337444,11.413241
1.4735662,2.766319,1,8.7481747,12.721491,12.740127
1.7786165,.85185885,.81259733,8.3844681,11.328422,11.379739
1.2313429,3.8501475,.52342701,9.769393,15.253528,15.257671
.62477207,3.6888795,.96542239,8.8986359,11.998613,12.042679
2.3458295,1.8572351,1,7.8248787,11.214335,11.247506
.54403102,.76127303,.37359792,7.2323575,10.355656,10.398726
5.0648708,1.6996442,1,8.501503,11.188427,11.254299
1.6764315,4.5108595,1,9.0104885,13.107793,13.124274
.080741048,2.0898869,1,.00099954696,11.519938,11.519947
1.5956905,2.7080503,.96411747,9.2967329,12.164047,12.219341
3.8011944,5.0099149,1,8.4770765,13.032222,13.04268
2.1429641,1.2974632,1,8.2166872,11.683369,11.714111
1.7571727,1.6292405,1,8.6952438,12.722179,12.739851
.080741048,.67039019,.66576517,9.3752155,12.435519,12.481327
2.3637433,3.3672957,.68060887,9.0171471,13.415631,13.427853
3.6810956,2.9957323,.99994397,8.5890512,13.632901,13.639329
.1614821,1.8531681,1,7.9868979,11.524291,11.552964
.59741902,.86625981,1,7.9237905,11.426583,11.456252
2.130672,1.0021014,.89416385,8.6988735,11.146118,11.229109
1.5363933,1.4816046,.71779418,8.5856819,8.4126472,9.1960497
1.8685093,0,1,5.4535947,12.017299,12.018708
1.8199998,1.0715836,.89561838,9.5774145,13.450144,13.470733
.84879398,2.4136791,1,9.1080761,12.648749,12.67733
1.1506019,.75987083,1,8.2572069,10.613869,10.704382
1.5149494,1.8082888,.99747741,8.4046726,12.571298,12.586683
2.3458295,1.5475625,1,8.1621494,11.627147,11.657941
2.4265707,4.075841,.49062455,9.4301014,13.203202,13.225924
.70551318,2.9177706,.93498611,8.8576221,13.036582,13.05178
2.2599225,2.2717135,1,9.3016033,13.608315,13.621703
1.9814819,3.7704594,1,9.8723202,13.914693,13.932096
2.7495348,1.9686496,1,7.1700978,13.017506,13.020389
.54403102,1.2988284,.51878864,8.7356701,10.839888,10.954948
.84879398,.84372002,1,7.0975361,11.3681,11.381977
.54403102,2.8069901,.59459496,8.4761868,11.730427,11.76831
1.1506019,2.405232,1,9.3640528,12.623258,12.660957
.56518745,2.0249853,1,7.6485443,12.367869,12.376751
.54403102,2.9177706,.66863185,9.2729034,13.693721,13.705673
.080741048,3.0445225,1,9.0129366,12.112906,12.156971
1.2313429,1.2720052,1,7.6134405,11.064657,11.095872
2.6687937,1.2237754,1,8.0175686,8.3643532,8.899066
1.5181919,2.6026897,1,10.443904,14.227385,14.249873
2.7372427,2.9039459,1,8.6098089,12.474032,12.494795
.90837866,.71686369,1,8.1079464,9.2409668,9.5201569
4.3039446,3.440418,.84170067,9.8435078,15.096815,15.102032
3.47823,1.5096176,1,8.6793852,10.352023,10.524084
.94773644,3.9406104,1,8.3009491,10.906879,10.978115
3.1015904,2.6461749,.80167389,8.9335394,12.32297,12.356142
1.0731032,1.7358943,1,8.8927145,11.48551,11.557654
1.9814819,1.3083328,1,8.6121845,12.432598,12.454281
1.0698607,1.8245493,1,8.3905993,12.438626,12.455933
.40370536,2.0332668,1,7.4052439,12.288012,12.29556
.70551318,3.8501475,1,4.1221757,11.114187,11.115107
1.3960675,1.4350846,1,8.217741,12.130325,12.150117
.94773644,2.6878474,.9122349,9.4261227,11.607805,11.714731
.70551318,.067658648,1,6.0626225,8.2769032,8.3805714
1.6978754,1.1157972,1,8.7203207,12.895047,12.91031
.62477207,.34642255,1,6.8040357,9.3563147,9.4313335
1.8379138,1.5171033,1,8.033637,10.141756,10.256393
2.5972044,2.9704144,1,7.5261021,10.349743,10.407435
.24222314,2.272126,1,7.2791553,11.179744,11.199772
2.5698514,2.7278528,1,8.2887392,9.7463465,9.9556284
2.3851874,4.1688643,1,9.2469406,14.118082,14.125717
2.6687937,3.122365,1,9.2003908,12.484186,12.520987
2.6687937,2.272126,.94203216,8.4124203,11.728233,11.763894
.62477207,.68612254,.93401456,7.6295648,10.644337,10.692228
1.3928251,2.1724763,.48657581,8.1108389,11.18456,11.229772
.62477207,.85484076,.80020809,6.4368424,9.3895464,9.4404278
1.4342084,1.4816046,.58895743,8.5797768,9.7730179,10.037869
2.5073116,.43243155,.70924789,7.6729116,9.6909332,9.8157301
.6459285,2.2851336,.99834949,8.4516287,11.867617,11.899933
1.1717583,1.3537712,1,7.1361403,12.183324,12.189731
.32296419,4.897974,1,8.2666035,10.408587,10.51961
.54403102,.20375684,1,9.2211924,11.936412,12.000504
1.2313429,2.3223877,.44631016,8.7082081,12.101119,12.134177
1.5149494,3.138273,.91995704,9.2002382,13.255363,13.272548
2.5073116,1.9126488,1,8.9256392,13.538879,13.54875
1.1506019,5.0440702,1,7.4282379,12.253279,12.261273
2.3498154,.21752781,1,9.2797804,11.754592,11.835415
2.4265707,2.0412204,1,8.0279474,11.002672,11.052472
.080741048,3.2580965,.47933978,9.9936037,13.344975,13.379412
1.2313429,2.6390574,.61066824,8.6651106,11.849269,11.889848
.32296419,2.0890205,1,7.5306578,10.411299,10.46588
1.114097,2.3978953,.76579124,8.6432381,10.552352,10.690557
1.7571727,1.3244189,1,7.824614,11.595273,11.618049
.92038327,2.7107134,1,8.1467953,12.385214,12.399542
.52582967,4.0792308,.87359947,9.0929556,12.80729,12.831369
1.0698607,3.2733641,.95177388,7.4591961,10.994225,11.022965
2.0299914,.72270596,1,9.761838,12.652374,12.706433
2.3943391,.31188676,1,9.43822,11.875258,11.959065
4.4491482,2.3075726,1,8.5681963,11.482476,11.535299
.60657072,.16720791,1,7.2922668,9.8344049,9.9101601
1.6171343,2.6672282,.35085714,9.4618568,11.538427,11.65653
1.2404947,1.8881297,.36845985,8.9396143,10.866553,11.002477
1.9186548,2.5274072,1,8.6117754,13.035583,13.0475
1.5149494,.039220713,1,8.4777918,12.127019,12.152698
1.5149494,2.5632555,1,8.5900803,11.516247,11.568461
1.3749111,2.3321438,1,8.3539743,11.389435,11.436369
.70551318,1.3609766,1,9.5677147,13.001026,13.032796
.60657072,.28065747,1,8.3598452,10.407691,10.529035
1.8199998,2.442347,1,8.4044695,11.476794,11.522067
3.3167479,2.5176964,1,8.9343615,12.859268,12.878819
1.312084,.46373403,1,8.2787523,10.858743,10.931784
1.312084,2.6026897,1,8.9374704,13.130334,13.145324
2.4659283,.72319132,1,9.0803051,12.959805,12.980255
1.1506019,3.2425923,.55593497,8.9123459,12.726398,12.748217
1.3153265,.97380465,1,8.8846102,12.508481,12.53481
.62477207,.3155404,1,7.7605505,10.272576,10.350559
.40370536,.88994676,1,8.2856483,11.985474,12.009901
1.9814819,1.3797731,.95557344,9.4236841,13.440245,13.458099
2.062223,.034401428,1,8.430871,11.892126,11.923035
.70551318,1.1631508,1,7.5674968,10.760156,10.800398
1.5149494,.39136618,1,9.2416058,13.014869,13.037585
1.4859604,.14410034,1,7.6295276,11.068236,11.099837
.54403102,.83290911,1,7.7507553,11.448931,11.473397
1.4966459,3.8286414,.4327707,9.2978249,12.878169,12.905654
1.4481364,2.0511706,1,8.4123869,11.61554,11.65537
1.0731032,1.2101537,1,9.8913307,10.341409,10.834627
.32296419,.80110431,1,7.3590479,10.121162,10.182406
.98911971,1.2441546,1,9.2600002,11.078551,11.228918
1.8379138,5.358942,1,9.3540115,14.173522,14.181561
1.9400986,3.4657359,1,8.9766321,13.35157,13.36408
1.2131416,1.2237754,1,9.0589819,13.410854,13.423655
1.5149494,3.624341,.50717276,9.5665588,14.248808,14.258023
2.8179839,1.1499389,.5152902,8.1673737,10.564482,10.651559
.78625429,3.5553482,.70934922,9.9784756,15.834848,15.837706
1.2313429,1.4228673,1,7.8914628,10.994163,11.038111
1.1597536,2.325129,.88033152,8.6905575,13.238415,13.248949
1.697588,2.6261168,1,9.0813398,11.968456,12.022695
.56518745,1.1984576,1,7.491055,10.216277,10.279751
.84879398,1.5447928,.61126459,8.5458946,11.066451,11.143796
1.6764315,1.6677068,1,8.1855059,10.977773,11.037251
2.0208397,.48858002,1,7.9691873,10.631197,10.698676
.78625429,1.3357903,.74634379,8.6272011,12.304866,12.329834
1.7571727,.90946752,.86927623,8.3931923,9.2160568,9.5801249
2.1015809,1.5756743,.48080134,9.1326017,11.915386,11.975414
1.6764315,3.6635616,1,9.3900738,11.887251,11.966355
3.6003544,1.6411303,.72796559,9.0948362,12.477319,12.510718
1.5149494,1.856298,.77779496,9.3331928,14.579582,14.584835
1.3534672,1.5756743,1,8.8463001,12.669297,12.690924
.52582967,2.1715648,.58158767,8.8083887,11.862441,11.908529
1.3749111,.5538851,1,10.26408,12.870714,12.941901
.84879398,.29490593,1,7.6300993,10.150868,10.228198
3.0009098,1.8526977,1,8.578021,11.221517,11.290214
.86699533,.59773701,.88702375,7.7304554,10.537221,10.595867
1.312084,.87962675,1,8.282588,11.713109,11.744966
1.4342084,2.3795462,1,8.7928352,12.144557,12.178982
1.5149494,1.1229796,1,7.8877921,10.022825,10.134582
1.5956905,2.1162555,1,9.3966169,12.133253,12.196029
.84879398,.72706538,1,7.9550915,10.215033,10.314296
2.1429641,0,1,5.4004574,11.881662,11.883193
2.3276281,2.5802169,1,10.094112,14.975636,14.983193
1.9007409,1.3350011,1,8.0318108,10.485452,10.567935
.52582967,.39541477,1,7.0909195,9.345541,9.4453077
2.7372427,.38185525,1,7.100688,7.649375,8.1053476
.62477207,.56588185,.25769654,7.6183977,9.6018867,9.7307978
3.6973734,2.955431,1,8.2388754,13.05009,13.058195
.1614821,.46121511,1,8.1438541,8.6291523,9.1088047
2.8271356,2.3795462,.7986477,8.5338659,12.203574,12.228739
1.0698607,2.7080503,.6688354,8.7766876,12.952513,12.967758
1.3244781,.70852828,1,8.7569904,9.9813128,10.239017
1.3423922,.74526513,1,8.3632317,10.574977,10.678895
2.2114129,2.3125355,1,8.8764534,13.246175,13.25875
2.9432487,2.6026897,.5152477,8.9901791,11.999055,12.047223
2.1429641,.55675453,1,7.9825721,10.22802,10.328661
2.4444845,.71978909,1,8.0909824,10.87354,10.933581
.54403102,.58053821,.69806725,6.1370268,9.1209993,9.170352
1.8503079,4.2341065,.77717096,9.5933533,15.424082,15.427013
2.3044462,.21672298,1,6.9831882,8.3053188,8.5416288
1.9600381,3.2771447,.56935412,8.7582684,13.702343,13.709443
1.312084,1.3807791,1,7.985147,13.23486,13.240095
2.3851874,2.1860514,.52378184,9.1205206,11.746263,11.816149
.76805288,.79253995,1,8.8735619,11.861004,11.910191
1.2404947,1.5475625,1,9.2551003,12.655258,12.688082
3.4066408,1.5822723,1,9.3150387,8.9409351,9.8385267
1.312084,2.3872938,1,8.8264494,13.722848,13.730293
1.9492503,2.8823955,1,7.8504758,8.178545,8.7210512
.97996795,1.5454326,1,8.1463747,10.241553,10.3576
2.5466695,3.3322046,.56293362,9.3850565,14.73659,14.74132
.76805288,1.4487996,1,7.2324972,10.163798,10.215753
2.2114129,1.8389611,.50162077,8.503829,12.256231,12.279422
1.7965305,3.058707,1,9.0870628,13.183397,13.199894
2.3013058,.8020016,1,8.4519348,11.354418,11.407851
2.5880527,4.6539602,1,9.636939,15.309612,15.313046
.54403102,.80468857,.68376184,8.0605526,10.254848,10.360502
.70551318,3.8985527,.46264887,9.6692886,14.566298,14.573739
.32296419,.13190506,1,6.8504801,10.981857,10.99779
.46328998,.44916296,1,7.1724563,9.871274,9.9363918
1.9814819,2.7725887,.50503355,9.0310192,13.148166,13.164326
1.9186548,3.0445225,.41898903,8.7859144,13.370266,13.380424
2.6779456,.66680318,1,8.1521177,10.344781,10.450599
2.3637433,1.0296195,1,8.1506138,10.806652,10.874522
.40370536,2.3978953,1,8.773303,13.204314,13.216146
3.2953041,2.2300143,1,8.466938,11.775041,11.810973
.32296419,2.3025851,1,6.776844,9.8716869,9.9159737
1.879297,3.9608133,1,9.3360949,14.747597,14.752051
2.2237053,4.3040652,1,9.0709467,12.85675,12.879187
1.3749111,.51102561,.57039535,7.5503817,11.125536,11.153162
1.0698607,2.6672282,1,9.8086538,12.48257,12.549276
.86699533,2.7646196,.44106293,8.974268,13.90803,13.915203
2.9110169,4.3040652,1,8.5787449,13.023636,13.035306
1.1506019,2.0794415,1,8.8231649,12.073118,12.111161
1.2313429,2.0918641,1,8.0391273,10.333917,10.429937
1.5956905,1.2383742,1,9.3771181,12.027436,12.095682
1.4556522,1.936581,1,7.6051035,9.9665089,10.056613
1.0698607,1.0942695,.47189748,7.0338058,9.6079521,9.681406
.78625429,.8666802,1,7.2459998,10.240067,10.288937
1.8379138,3.7909846,.83722359,9.5595131,11.559348,11.686296
1.0698607,2.1162555,.92274439,10.468319,12.772251,12.867439
.1614821,.47623417,1,8.0203209,10.480616,10.562573
2.9309564,1.7749523,.4079681,8.3681049,9.159152,9.5330372
1.1506019,1.3029127,1,8.4723797,13.926128,13.930399
.080741048,2.8791986,1,9.6618481,13.221001,13.249066
2.2237053,1.5447928,.54634428,9.4960623,12.921473,12.95349
3.3744092,1.4724721,.54916179,9.1564703,13.768525,13.778407
.68731183,3.6532524,1,8.8738518,12.729014,12.749964
1.2313429,.97115761,1,8.5192251,11.395425,11.450243
.70551318,2.5309153,1,8.8389616,12.194172,12.228478
.080741048,1.5851452,1,8.4362707,12.062487,12.088756
1.0698607,2.2925348,1,7.5897236,10.824016,10.862648
2.3200102,3.972177,1,9.336215,14.355896,14.36248
.62477207,2.442347,1,9.1723928,11.362703,11.468758
.90837866,.69164604,1,9.6400671,12.721352,12.76623
.86699533,.31626952,1,7.8125873,9.2301426,9.4471121
1.1506019,.71196896,1,8.0047426,10.532914,10.609694
2.5073116,.5681507,.61464345,8.8398247,12.486733,12.512471
.84879398,3.4177268,.78961235,8.2435274,12.826979,12.837147
2.3851874,4.1743875,.85424769,8.4524498,12.102191,12.127856
.48444641,.34924743,1,7.3255568,12.204637,12.212212
.77720463,.39810476,1,8.244072,9.6196651,9.8449574
1.9007409,2.0918641,1,8.9095135,11.373675,11.455329
1.5149494,1.0862023,.66555649,8.2008753,12.039433,12.06073
.52582967,3.6428356,1,8.2396107,11.37259,11.415255
.46328998,.69214666,1,8.6959324,12.723976,12.741629
.68731183,.2646693,1,8.9338837,11.317972,11.406141
1.1506019,.6709016,1,7.5400472,10.899157,10.933331
1.2938826,2.4849067,.49105829,9.0665493,12.020473,12.071295
3.1946235,2.4248028,1,9.4483089,15.072171,15.075775
.35519576,4.0000339,1,.00099954696,16.49452,16.49452
.60657072,3.7909846,1,8.1927729,11.386387,11.426591
.70551318,1.2928075,.83877414,7.8714037,12.100542,12.115002
1.9814819,.024692612,1,8.4095049,11.506488,11.550682
.1614821,.77840704,1,8.9497671,10.347832,10.568632
1.4342084,2.3513753,1,8.6556311,11.956903,11.993078
.9923622,.30968815,1,8.2931814,9.3783379,9.6694012
.68731183,.6205765,1,8.4678087,12.507858,12.525302
.46328998,1.5547705,.83765256,8.7486887,11.093564,11.185102
.46328998,1.4414926,1,8.2792816,11.456274,11.497138
2.4842319,.82549036,1,7.6391387,10.075927,10.159755
1.0698607,2.3125355,.56892413,9.2610054,13.765936,13.77693
.24222314,.044016887,1,8.7715721,11.469023,11.534226
2.4265707,.17142911,1,7.7024255,11.333739,11.359876
1.0284774,1.0999447,1,8.1859388,11.925755,11.949235
.54403102,2.4652989,.82003534,7.8565392,10.146656,10.243106
1.6764315,3.1696856,.66768891,8.4283972,10.692778,10.791622
.24222314,1.9362926,1,7.5129094,10.720348,10.760012
.54403102,1.3614893,1,8.9122591,13.636784,13.645619
1.3212358,3.3322046,1,8.3401947,11.120392,11.18057
.70551318,.038258713,1,6.2904048,10.028533,10.052052
1.9492503,1.8983692,.91243154,8.3889761,10.042539,10.21764
2.9201689,1.1939225,.77831602,8.7144918,13.985198,13.990325
2.7909184,1.9714386,.5786323,8.7803526,11.485147,11.549889
.9709183,2.0541236,.95024246,11.125949,13.894938,13.955775
.78625429,.45234868,1,8.1384602,10.505771,10.595366
.080741048,1.0296195,1,6.6970792,9.1548624,9.2370186
1.3212358,1.7227666,1,8.6968946,12.451373,12.474516
.94773644,.36810932,1,7.24684,10.931726,10.956515
1.9814819,.56246889,1,8.2932138,9.6268768,9.8607712
3.3974891,1.7277541,1,7.8706093,11.814614,11.833799
1.9814819,2.5808985,.69857424,9.9230213,14.224304,14.237764
.1614821,2.4595888,1,8.0263758,12.210974,12.226088
1.7877682,2.9957323,1,8.7758188,10.251829,10.457663
1.6978754,4.0584235,.53720099,9.1474075,13.132316,13.150739
2.3135979,1.9021075,.59001493,8.6674261,12.934168,12.948098
3.9233186,2.3887627,.60582739,10.6621,14.620199,14.639119
.1614821,3.9906492,1,10.000528,12.938775,12.990378
3.1230342,3.713572,.52477103,9.4016113,13.30674,13.326678
1.0698607,1.031047,1,8.7043257,10.442697,10.60465
1.3534672,.90987015,.50043887,7.7882524,10.977261,11.017647
.080741048,.64185387,1,7.4692435,11.421847,11.44087
2.1247628,2.0412204,1,8.5958252,10.735302,10.84659
.40370536,1.0647107,1,7.170711,10.010531,10.067324
1.4374509,1.1899753,1,8.741354,10.307318,10.497018
4.1241589,.94933861,1,8.8007402,11.869411,11.914845
2.062223,3.4781585,.60820425,8.4555025,11.711109,11.748942
1.798556,.89404511,1,8.3461695,10.75304,10.839307
2.5164633,3.5667119,.68009061,9.4711294,13.169885,13.194338
8.3792295,.83290911,.80838698,8.6042795,11.018641,11.10429
.62477207,1.4648745,1,8.59548,12.040899,12.072292
.32296419,1.2270055,1,7.43083,11.798954,11.811549
.62477207,2.3978953,1,8.0978804,13.62862,13.632575
.46328998,.44468582,1,8.8418427,10.808508,10.939468
1.5361059,4.1026435,.50948226,9.3540802,12.868649,12.897976
1.0698607,1.954445,1,8.2938099,12.976474,12.985685
.080741048,1.3937664,1,7.0918527,12.203372,12.209381
1.7571727,.82417542,1,8.1071339,10.682423,10.755795
3.47823,1.9315214,.56820256,9.1266718,13.556741,13.568584
.70551318,.50862318,.71725762,7.7172518,9.0510321,9.2849016
3.0009098,4.0217738,.8750087,10.008727,14.479744,14.491115
.080741048,1.0427471,1,7.2609091,10.986998,11.010798
.080741048,.5359084,1,8.0590849,11.365627,11.401614
.54403102,.67294449,1,6.8919644,10.680815,10.703184
.90837866,2.3795462,.72202253,8.7267609,12.307429,12.334906
2.062223,2.0412204,1,8.5271158,12.445356,12.465037
.080741048,.36116484,1,7.8803639,10.307062,10.391705
.32296419,3.2386785,1,8.1319904,12.133416,12.15154
1.9814819,2.752131,.93659854,9.454855,14.675584,14.680973
.68731183,2.3269849,1,8.2149286,10.610094,10.697333
.60657072,.78845733,1,10.66031,11.176063,11.644221
1.3749111,1.9459101,1,8.3534279,9.9167824,10.106934
1.6764315,.60486227,1,7.7060323,9.3024025,9.4869146
2.9293203,.32642189,1,7.8174562,9.2609386,9.4729033
.52582967,.17563257,1,8.0487099,11.603999,11.632172
1.0698607,1.3676211,1,8.7062778,12.402627,12.427138
1.3749111,.062974796,1,8.2246456,10.165608,10.299759
4.0454431,3.1527359,1,9.1633558,12.468431,12.50447
.90837866,2.655282,.85886461,7.6721492,10.557764,10.612082
1.0516593,1.0616025,1,7.9377842,10.243952,10.338937
2.062223,.11332869,1,7.2429733,10.294583,10.340782
.24222314,.028587457,1,7.2949686,9.8430119,9.9183369
1.5956905,.78845733,1,6.7981873,7.0875735,7.6464596
2.9078765,2.3513753,1,9.5474033,15.535058,15.537564
.080741048,1.9936113,1,8.3146486,11.128953,11.187171
.98911971,4.4248466,1,9.4359732,15.849868,15.851505
1.6474425,.59000641,1,8.2619495,8.5060644,9.0845852
1.9400986,2.9957323,.67925578,9.1599979,13.454542,13.468093
3.3167479,1.165024,1,8.0085325,9.3244724,9.562088
1.0698607,1.0057658,1,7.8572822,9.4685936,9.6506033
.54403102,.24607852,1,8.9829941,11.077465,11.193589
2.062223,1.1314021,1,9.0999775,13.222013,13.238094
.35519576,1.9600948,1,8.4618301,11.262176,11.321188
3.8517294,2.0668628,1,8.8198643,12.064269,12.10252
2.7909184,2.0541236,.84517634,8.9935589,13.723762,13.732548
2.4265707,.19721016,1,8.0516214,9.9258852,10.068658
1.9814819,1.5040774,.54172051,8.2457733,10.594992,10.686152
.46328998,1.6183977,1,6.9857044,10.65012,10.675417
1.4556522,1.5368673,1,7.8259211,10.400295,10.473733
.62477207,2.0215476,1,8.6287317,12.944832,12.958096
1.6096185,2.2407098,1,9.781292,13.495766,13.519842
.98911971,.60976559,.94075686,8.5109282,11.15607,11.224658
.90837866,.73812056,.63101804,8.2309551,11.149882,11.202467
1.9814819,1.3491116,1,7.7827249,10.160788,10.249467
3.6166325,.20945023,1,7.7891059,10.783336,10.832197
.080741048,.66423315,1,7.6448679,7.9370174,8.4947214
.68731183,.40078753,1,8.0265293,10.399473,10.488588
.46328998,.61896229,1,8.3789091,10.555387,10.662842
1.8199998,.83290911,1,7.6730266,9.4969473,9.6465664
1.8593576,2.8960776,.85280138,8.4970036,12.371573,12.392123
.080741048,.30306318,1,8.0589752,10.144012,10.261175
.080741048,.038258713,1,8.0101748,10.827674,10.885712
2.0713747,1.3350011,1,7.5581036,7.5793381,8.2619247
1.7070272,.01093994,1,8.5777197,10.884835,10.979734
2.2237053,3.6635616,.96140164,8.8109674,12.719897,12.73976
2.3458295,3.8360054,.71261781,9.5842905,14.730201,14.736007
1.8199998,.98394936,1,8.8244314,9.9505939,10.23146
.90837866,1.0760258,1,10.019042,12.631696,12.702471
3.8819354,.73092455,1,7.3360863,10.624809,10.661431
1.3153265,2.0237968,1,7.1773338,9.3775206,9.482585
.90837866,2.451005,1,7.5277033,10.239626,10.303924
2.4265707,2.9444389,.33332849,8.8635302,12.36422,12.39395
2.3458295,2.6026897,1,8.8544207,12.617082,12.640038
2.1521158,.4725005,.50172359,6.8198419,9.707675,9.7618761
1.6978754,2.3978953,1,8.4117889,11.457419,11.503889
2.4265707,2.8033605,1,8.7164097,11.282153,11.356204
.91162109,2.4927094,1,9.4784689,13.584676,13.601011
1.3749111,1.3331573,1,7.1036429,12.253983,12.259764
1.0698607,.91629076,1,9.2919025,9.8605108,10.309235
.60657072,.2631332,1,7.6356187,9.2477322,9.4296083
3.0331414,.26620305,1,8.2461309,10.559893,10.654192
1.3534672,3.0106208,.48770669,8.4596987,12.231477,12.254228
.24222314,.13190506,1,8.4312143,8.7306366,9.2852373
1.4556522,.94351673,.96731561,8.3813534,9.0160675,9.4413919
4.1838455,.4054651,1,3.5742166,10.96623,10.966846
1.4159049,2.6461749,.39160135,8.7018623,15.243187,15.244629
1.3673954,2.2512918,1,8.7197952,11.695533,11.745284
