GAI,lemp1,HHI,ltdc,lni
2.6365304,6.2475624,.71190476,8.1673422,10.772687
1.0590413,7.0223875,1,6.7784867,11.528159
1.5041299,6.5573912,1,8.9662218,12.988276
3.2431011,9.0040655,.76378608,9.8410521,15.302329
2.1321445,3.3906667,1,7.587141,10.418793
2.433665,8.6140213,1,9.7561941,14.686888
2.415751,7.6806188,.9365238,9.4694777,14.060729
1.665612,7.4175382,1,8.1891756,13.650636
.51501012,5.2086234,.67373991,8.3848114,11.542484
3.4674106,9.5598125,.34700537,10.427045,15.377438
1.8684775,6.6021075,1,9.2260227,13.59024
2.4750483,5.0364723,1,7.2690363,10.150777
2.6671259,7.5567575,1,9.3284378,14.531935
2.5557895,8.7036905,.77713317,9.8587246,15.457028
2.6456821,6.9940486,1,9.4595699,14.744915
.59575117,3.6415694,1,6.6944633,8.7934599
3.0008779,7.4343677,.52341723,8.8468618,13.289332
2.4750483,7.5848007,1,9.6864328,15.752668
1.0801976,6.972126,1,8.9636965,13.454366
1.7069952,5.2181983,1,8.024581,10.418734
2.2542689,6.229095,.35648578,8.8337259,11.08739
3.0223217,9.4004803,1,9.2380848,17.793209
3.3452861,7.4408398,1,9.8032694,14.135418
2.7387154,6.4227667,.54612297,8.1118593,9.8970671
2.5120561,7.0513754,.53637534,9.5002728,12.641096
2.3990836,6.3492355,.99449182,8.9607849,12.774223
2.2845769,5.3248682,1,8.658289,12.977507
.97830009,2.545835,1,7.0923653,10.355709
1.5041299,8.7073336,.64655262,8.8666515,14.188797
1.8270942,7.9834142,.9758637,9.055479,12.521977
1.7463531,7.6338568,1,8.7913303,13.256742
2.7387154,5.9635615,.50749511,7.2658696,11.24883
1.2830631,5.1147552,1,7.5452752,10.163465
2.3350101,4.5664687,1,6.344964,10.997456
2.3743677,7.4212952,.81807804,9.1347866,12.545754
2.9201369,7.401361,1,9.0435896,11.815989
1.1397823,6.2549815,.54816949,8.3607349,11.706681
2.0299597,5.5051355,.81840795,7.0498466,9.9249067
2.6579742,8.6120234,.52874422,9.7200909,13.782988
1.7877364,6.4645596,1,7.8053908,11.656887
1.3012645,8.6023159,1,9.3682013,13.451667
.75723338,6.7758098,1,6.4068799,9.8625097
1.5848709,9.8800964,1,9.8170395,16.699137
1.7877364,9.5283136,1,8.8393393,13.706811
.75723338,6.7502699,1,8.5922184,11.635965
1.3426478,8.1218166,.59579837,7.2133183,10.095016
1.7463531,9.783886,.68968767,9.3393784,15.459543
2.1321445,6.5809908,1,8.2728739,8.0020247
2.514406,6.4011049,1,8.4570894,10.729569
2.9809384,7.9188757,1,9.0075979,14.263396
1.8270942,6.2260561,1,9.0583401,13.880362
2.4964921,7.0978951,1,9.0684519,11.308101
2.3135662,7.234252,.37986666,9.1957731,12.394211
2.3943071,5.5960879,.75239956,8.1528845,10.378416
3.3059282,5.9455943,1,8.5832243,8.8103104
1.4233887,8.3712244,1,9.7589054,14.554586
2.6579742,6.6315212,1,9.3661585,13.079456
1.7785846,8.0813351,1,9.1279974,14.492528
1.7284391,7.5094028,1,7.1921329,11.745584
2.9415808,3.8205233,1,7.9347191,9.7374334
1.4859285,4.8441005,1,7.4535489,10.714795
3.7295732,7.6231613,1,9.0031576,13.445895
1.4627466,6.8972244,1,9.0126333,13.868957
2.2542689,8.2409592,.80239499,9.4932413,14.010255
5.0055418,7.1849065,.39197558,9.0491953,12.675138
3.5481515,6.2892351,1,8.4526148,10.980195
1.0801976,8.2552624,1,7.3131962,12.328211
2.6365304,9.3606052,.4622902,9.6685257,14.5584
1.8270942,7.0513754,.98836935,8.4318771,11.110086
2.5056438,6.0217557,.83057225,7.9826641,10.259097
3.2736969,4.8881378,1,7.4017072,11.803122
2.3743677,8.4611998,1,9.2431812,13.685402
1.0590413,5.2187939,.56342638,8.0342398,10.777977
1.7463531,7.3676448,.59927392,8.587326,11.610723
2.2721829,8.8190374,.72816777,9.8639326,15.338737
1.9492185,8.6705933,1,8.4044609,12.189404
2.9019356,6.1816044,1,8.7348032,12.924888
1.5041299,6.210722,.53253788,9.0580425,11.085169
1.1397823,8.2553482,.62195104,8.9208937,13.449535
2.6365304,6.5071406,.48549408,8.1942205,11.810835
1.665612,6.7412205,.39384741,8.937912,13.270783
1.0590413,6.9512916,.94881439,9.0154095,10.985327
1.9078352,9.5138092,1,9.588131,15.810347
1.2205234,5.6501122,1,8.278882,11.243855
1.9078352,8.3349514,.76215047,9.3053541,14.140489
2.5772333,9.7304382,.57614714,10.222695,15.915122
3.1929557,6.9111276,.26443058,8.8883591,11.861002
3.6074488,8.1011972,1,9.3198195,12.653958
3.4765623,7.0978951,1,8.3526754,13.570888
4.1316423,8.7775373,1,9.124095,12.433208
1.3426478,6.7546363,.96920073,9.0006542,13.167336
3.0008779,6.9103599,1,9.1451178,12.267948
2.433665,7.0223875,1,8.642066,12.223535
1.0408399,6.9082742,1,8.7098045,12.792469
2.6436567,8.2751503,.2900911,9.1195889,14.107433
2.8194563,8.9766665,1,8.8986177,12.00703
2.2936268,7.1159139,.29667443,8.4945841,12.341041
4.1133394,5.6162906,1,8.9190359,11.82041
3.183804,7.8780537,1,9.2108765,12.881565
1.4233887,6.8162556,.3401193,7.9018316,10.038237
1.5848709,6.8282318,.39609703,8.482276,11.887663
1.4233887,7.2967463,.99781775,8.7589664,12.788847
2.6671259,7.7540011,1,9.0213861,11.990041
2.5772333,7.8398328,.7233237,9.0488205,11.97666
1.0590413,9.094449,1,9.2677746,15.026677
1.9885763,8.7462044,.83400315,9.6731539,14.478199
4.1638741,9.1182261,.98507762,9.6704483,15.325349
2.0299597,6.4705358,1,8.7710218,12.295132
2.3350101,7.2955532,1,8.5836191,11.848676
1.3638041,6.7845535,1,6.9609575,11.090294
1.4051874,7.4080501,1,9.1475258,11.207758
3.0223217,8.3888798,.96194357,8.0943651,12.503841
1.9492185,6.7405705,1,8.2784319,10.097161
2.415751,9.9203558,.31818599,10.465122,15.941597
3.6682506,7.3878474,1,9.1757936,14.456838
2.2721829,7.2257285,.53169942,7.7895894,12.245827
2.6365304,8.9253731,1,8.9841318,11.925697
.97830009,7.9580965,1,8.9496078,13.676052
2.433665,8.6018715,1,9.9724951,15.854781
1.2830631,9.0161543,1,10.067986,13.90526
.96009874,6.3094378,1,8.8437014,12.036469
2.3943071,7.6444387,.37329742,8.7464304,12.497506
1.202322,7.1122465,1,8.1303291,11.342422
4.1547222,6.7794414,1,8.7330074,12.266344
2.4750483,2.0827043,1,8.076664,10.776161
5.561501,5.0873013,1,8.486701,12.347134
3.0402358,8.5532274,.52555716,9.2192545,13.817608
2.1914418,9.4077272,.37132907,9.5378304,14.812459
1.5848709,6.2587762,1,8.3493748,12.660566
1.5041299,6.4947548,.54839444,7.9684076,10.483913
2.0514035,6.7794414,1,9.4667416,12.969445
3.3544378,5.3491955,.54869348,9.3087034,11.352416
2.7800987,7.2870116,.64272523,8.0784397,10.995612
2.4964921,5.3825917,1,7.5574055,12.382556
.83797443,7.4341726,1,8.6232252,13.032927
1.2205234,4.4642777,1,7.4443989,9.985528
1.2830631,8.9972858,.83179164,10.096638,16.597431
3.5159202,6.4917593,1,9.3712387,13.100118
2.3620756,3.8698869,1,8.6094131,12.255905
3.9216509,5.4884572,.57639569,8.1674252,11.058795
3.5966611,9.7619619,1,9.3577585,13.885036
1.3820055,6.2781534,1,9.0486326,11.0682
1.5848709,7.0887628,1,8.4966612,12.150513
2.9001975,8.357337,.71169037,9.4162521,12.93002
1.9078352,6.2892351,1,7.8872557,11.197461
2.581219,6.9501333,1,9.6222734,14.526154
1.4233887,6.7794414,1,8.0695963,10.99993
2.2721829,5.5122628,.68830812,8.4868641,12.232227
1.7463531,7.7697725,1,8.3603868,12.78493
1.7463531,9.3041697,.59255016,9.978261,14.902388
1.9885763,8.3635616,1,9.0907669,14.344608
3.9124992,8.0141859,.92593336,8.0425768,11.457085
.97830009,6.2596173,.95352322,7.3373919,12.671284
2.1914418,8.378829,.77941042,8.5201273,13.466906
1.6060274,8.8896551,1,9.785387,12.634604
2.0299597,6.6021075,1,8.7712631,11.878957
1.4627466,5.8631506,1,8.532548,12.753365
1.6242287,7.9503746,1,8.4039145,13.552841
2.3943071,7.2764215,.82175457,8.5660963,11.183031
1.9706624,7.8045864,.63237017,8.8277664,12.718896
1.202322,6.3094378,1,9.2369986,13.021079
1.9885763,5.9798222,1,7.4249167,10.232395
1.5041299,6.0655813,.81536776,7.906846,11.993913
1.1397823,8.5264654,.53544599,7.2010531,10.968612
1.6079508,3.9576626,1,9.3026686,13.69193
.79861665,8.4376698,1,7.819819,13.359804
1.2205234,6.6077633,.99107647,8.2147226,12.953294
2.1914418,7.7306166,1,9.0326376,13.147936
.59575117,7.0025849,.95077711,9.1325617,10.772687
2.0438876,9.7998667,1,9.2318525,14.154836
3.6288927,5.6947322,.98997366,9.196496,13.514542
2.5681834,7.3896146,1,8.1912975,10.797267
2.1107006,7.0418057,.64739847,8.679801,11.56586
2.5951471,7.7301335,1,9.0700932,13.438761
3.831758,9.9364424,1,9.0212603,13.100118
.59575117,1.6840651,1,7.7262325,10.804949
1.6079508,7.4850111,.58358335,8.7309065,12.532855
2.2698328,6.972126,.42606309,8.8278503,12.770818
2.0693173,8.5712013,.2630479,9.3860273,14.456838
1.1397823,6.4227667,.45350653,8.2807627,12.192481
4.7219353,6.4917593,.38795006,8.7635956,10.44258
2.7478671,5.2692833,1,7.9298019,12.179405
1.4627466,9.3756285,.83598256,9.5910683,16.250877
2.2721829,5.9669476,1,8.468441,11.19021
2.3653181,3.5913374,1,7.8480701,11.688767
3.0223217,8.5958939,1,9.57901,13.027173
1.3426478,6.8633227,1,8.4637194,11.756656
2.3350101,8.067296,.76318806,9.1689587,12.056911
1.5848709,9.5449743,.53991961,9.7122421,16.550463
1.0316881,9.6344738,.31828499,9.7544374,14.262117
3.081619,6.4715567,1,9.0339489,12.810821
2.3943071,6.3597507,.55337006,8.5610695,11.009374
1.4233887,6.59762,1,8.9746828,13.088806
3.332994,5.5458684,1,8.0435143,12.584266
1.5252863,8.2138414,1,9.1105433,13.32775
3.0402358,8.4611998,1,9.4059477,13.828426
2.2721829,6.1350846,.65061176,8.1676884,12.331312
2.9507325,5.6126842,1,8.0164967,10.832478
1.9078352,5.2434864,1,7.9207897,10.247999
1.2527549,5.8242798,.91798222,7.9999757,11.827006
.91871548,6.6878743,1,9.3205156,13.393271
1.5041299,5.6555114,1,7.2549238,11.529645
1.7069952,5.1054649,1,8.4058218,5.6937323
2.6671259,6.2040772,1,7.7461257,10.056895
1.9078352,7.6957321,.49876532,9.2366791,12.691888
1.9706624,6.7475638,.83796978,9.7930975,13.595978
2.0514035,7.2877641,.51405907,8.9146128,12.555496
2.3975496,9.1761999,.58613384,10.209799,14.041051
3.9124992,7.0025849,1,8.5822268,11.755699
2.2220373,6.931304,1,9.3917007,13.958745
.59575117,5.9809337,.96297848,9.2454329,9.7460728
3.9124992,7.5154085,.50588596,8.4557638,12.468437
.89755905,5.4419374,.50287032,7.8411427,10.742011
1.8899213,4.9029408,.94986373,9.2776899,11.094238
4.7219353,5.5754685,1,7.4508672,10.724632
1.7463531,7.0978951,1,8.5114279,11.058795
2.0514035,8.7943449,1,9.2791796,14.284889
3.4674106,8.1339874,1,9.1844406,12.819678
3.6074488,7.0025849,1,8.6841822,12.904456
1.5848709,8.919508,.96630579,9.3303938,14.62999
2.7247872,6.4404659,1,8.4285574,11.474985
2.8194563,8.919508,1,9.8983965,15.306615
2.1107006,6.0553193,.55433619,8.6213531,11.826209
1.4233887,6.1690259,.59608215,7.3644228,11.34569
3.3866694,8.6120234,1,8.6339674,12.801916
2.7980125,8.1594658,1,9.1482334,14.879876
2.1914418,6.7290688,.7793451,8.1680059,11.825544
1.5434877,6.2260561,1,7.8228679,11.167657
2.433665,9.193635,.34255365,9.6485891,15.390978
1.7463531,7.0694022,.41203046,7.2037544,11.78967
3.5481515,7.3390574,.542328,9.4936628,13.321215
2.3620756,5.5586615,.5707919,8.1999893,9.7848167
1.3012645,4.7861776,.4035463,6.5357275,10.608958
2.9415808,4.5957499,1,8.4047003,9.594718
1.665612,4.6909595,.9664048,8.466794,12.106031
.816818,5.9697604,1,9.0659227,11.054788
3.4674106,7.5449095,.22898814,9.5740948,12.765689
.59575117,7.4472709,1,9.4808235,12.301383
1.5041299,5.6082587,.51492763,7.7559323,10.345638
1.6242287,8.9584455,1,10.679041,15.13993
3.264545,6.5296974,1,8.4924994,12.260139
1.665612,8.9835863,.94307876,7.8669944,13.304685
1.2416798,8.1162834,1,8.8469238,14.257629
3.5481515,5.9809337,.50695586,8.0799923,9.9980698
1.3820055,4.79531,.80379575,7.4761858,10.716504
4.608963,6.7722912,.82355708,9.161108,13.685954
2.0605552,6.7276216,1,8.0308151,12.565494
2.9809384,8.8743877,.30337128,9.6674881,14.503645
3.0008779,7.7155347,1,8.9635849,11.890676
.816818,5.1749911,1,7.657434,11.926418
1.7463531,7.8654752,.51998317,9.0973368,12.787335
1.4627466,7.0978951,.44868866,8.8597708,12.350221
3.1193409,7.4588065,1,9.0980463,13.267329
2.616591,5.5603552,.7408275,8.1041079,12.408919
2.415751,6.7918639,.91834003,9.0929699,11.546448
2.5863848,7.9958367,1,8.9182291,11.81303
1.1397823,6.404748,1,7.7712326,10.327513
3.5660655,8.5416002,.86801821,9.574523,14.15626
1.4627466,7.835494,.62747401,8.7609348,14.288011
4.0831327,7.835494,1,9.3167744,13.696727
4.6483202,7.5557227,1,9.3931732,14.115615
1.3820055,3.903712,1,5.8997331,9.799737
1.5940228,3.2935028,1,8.0986786,11.117435
.97830009,5.9646916,.65992016,8.241024,10.650625
1.0408399,7.3026896,1,7.9578247,13.536855
2.828608,6.7014799,.93993068,8.619853,12.771386
1.7555048,7.2493668,1,9.2088585,13.432785
1.9078352,9.283947,1,9.5750809,15.75569
1.9706624,8.0932322,1,9.5103483,14.63485
1.665612,8.2322254,1,9.3515778,13.257593
1.5041299,5.364233,1,8.0280094,11.827817
1.5041299,5.9527631,.95656931,6.8614068,10.905185
2.3350101,4.8414993,1,8.5174856,10.86044
2.4964921,5.9231868,1,8.2732925,11.133011
2.0514035,4.6241984,.47743377,7.7809968,10.364513
2.5772333,6.3455768,.91523087,8.4971342,12.697716
1.2619066,5.7306905,1,7.6963725,9.1526051
3.2017179,9.4004803,.48390979,9.8139248,15.76655
2.6579742,5.3248682,1,8.5648823,9.6907892
1.5041299,7.2668705,.9261182,9.1277466,14.333709
2.0299597,6.2133675,.95404822,8.9789591,13.110473
2.3350101,5.7942696,1,7.238348,8.6406488
1.9492185,5.2647457,.96023524,8.1399231,12.248653
1.9706624,7.0978951,.83156407,8.6397877,13.126635
1.9885763,7.294807,1,8.6813736,12.779099
1.5041299,4.6067877,.36802137,7.2299504,8.4713583
.97830009,7.9580965,1,9.2241249,13.000422
2.6042988,9.1942387,1,10.015309,12.016515
1.5848709,7.8135152,.50822228,8.8955898,13.626286
2.7064838,5.7296195,.50843859,7.7396679,10.743329
3.0008779,7.1219668,1,8.2024155,11.932615
1.0801976,9.054141,1,9.225996,13.835961
1.5940228,.78797692,1,8.5282383,10.858326
.89755905,5.7935996,1,7.437604,12.71185
1.2205234,6.4628453,.77411067,8.6091652,13.522481
1.9885763,9.2538767,.52839112,8.5801268,14.544024
1.1397823,6.8860512,1,8.4286203,10.609057
2.83776,4.9889312,1,8.2883663,9.3498411
3.081619,7.8690553,.53509957,8.8546,12.362102
2.7172713,8.4063759,.99911851,9.4325209,13.86796
3.4459667,7.2952547,1,8.6742239,12.552849
2.7172713,6.6329699,1,8.8875971,13.442561
2.3943071,7.1423469,.53429824,9.2445755,13.07883
1.5434877,7.7445226,1,8.7140999,12.42976
1.2205234,4.3714957,.63462675,7.2789726,11.562735
1.8270942,7.246942,1,9.1451817,13.940379
1.0590413,4.3532753,1,7.5954947,11.010134
2.9686465,7.984776,.9828918,9.3061008,14.699691
1.9169869,8.6036482,1,8.6855764,14.595294
.97830009,5.9237752,.60144567,6.8780699,10.736788
1.1931703,5.7473187,.9756152,9.1044569,12.271434
2.6186166,6.3292403,.43416986,7.854939,10.910405
4.2446151,8.6367159,.5387376,9.4019566,13.691873
2.1107006,5.428997,1,8.2137241,11.238068
4.4060974,6.3677068,.88693672,9.2592831,14.086487
2.4964921,6.6878743,.99133462,8.5707169,13.812506
2.4964921,5.4537716,.97759628,7.8273315,11.03692
3.9701605,5.8151417,1,8.2097502,10.083473
1.8270942,8.6454573,.81139845,8.6621056,13.439759
1.2205234,6.0118403,1,8.4996252,12.063932
1.3820055,6.4749522,.55110717,7.0164008,10.096048
3.0708313,7.201436,1,8.5990162,12.408454
1.7495955,7.0418057,1,8.3555498,12.296996
1.3426478,5.8518372,1,8.2836571,10.376238
2.3135662,8.1011972,1,8.948184,12.417144
1.3012645,6.1109872,.95020467,8.5701475,12.237945
1.3820055,8.1004305,1,9.6099119,14.909445
1.0590413,7.0466018,.97226596,8.8863182,12.202992
.75723338,5.393147,1,8.5539846,11.098758
1.0590413,5.8362293,.67402947,8.6310272,13.175145
1.9078352,6.6277461,.97886866,8.5567961,12.213996
1.9492185,7.7924051,.42604282,9.0039959,13.587982
.97830009,5.9770374,1,8.1449451,11.080125
1.4627466,9.4273882,.95841134,9.2354727,14.014361
3.5159202,9.1308165,1,9.6135387,15.808849
2.415751,7.3078613,.53056461,8.7362003,12.54611
2.1107006,6.8860512,.55763024,8.9551344,13.80647
.83797443,7.1849065,.91541749,7.6527381,11.730445
3.3937955,6.8432374,1,8.7581091,13.353476
1.4859285,5.1768551,1,8.9047279,12.737826
1.5848709,9.9842186,.50004035,9.2636023,15.844711
1.5848709,7.8780537,1,8.1688938,11.59925
2.9738123,9.0121403,.99766922,10.195168,13.430624
2.3943071,7.0699635,.64281958,8.0651407,10.599555
2.2721829,7.1096439,1,9.1157103,12.897985
2.1107006,6.6878743,1,8.9235935,12.927527
3.8894193,6.1083002,1,9.2233753,13.541645
.75723338,3.8629825,1,7.6039891,10.710119
1.5041299,5.1246138,.50015163,8.2343845,11.794934
1.5434877,5.3616567,.96212131,8.15065,11.721784
.816818,6.3094378,1,9.0132961,12.060637
1.7463531,3.5352478,1,8.2586803,12.068831
1.6474106,9.036624,1,9.368042,14.197366
6.9958882,5.4537716,.34904245,7.3509998,11.574613
1.9078352,9.2747107,1,9.5040054,13.570888
3.4674106,6.8333378,.98659152,9.3284149,13.369692
5.0289459,6.1036429,.97331887,8.453536,12.869791
1.2205234,6.5794649,.92522871,9.2196674,11.718312
1.7463531,6.639461,1,8.5920525,12.108747
1.7463531,7.0025849,.49298719,8.331459,11.875587
4.2140198,9.6670313,.47396737,9.2698431,13.068963
3.5895348,8.1750669,1,8.5593987,6.5510802
2.0299597,7.2877641,.50664687,7.4701514,12.343658
1.4266312,4.0266557,1,6.1346188,9.6718702
2.0514035,5.1027946,.35823038,7.3171601,10.295529
2.1321445,6.5584831,1,7.1206675,11.433189
.78946483,6.5834265,.84577954,8.6979675,11.216472
1.1397823,6.4616437,1,8.242856,12.26066
4.3253565,8.9766665,.86155885,9.2503023,14.503645
2.7800987,8.2807369,1,9.0626507,11.869712
2.9001975,8.7292366,1,10.004059,15.628216
1.5848709,6.4915929,1,9.0468817,14.016817
4.8603377,1.9193792,1,8.4740763,12.195193
2.0299597,9.470685,.6750831,9.8143435,16.316372
3.7903748,9.6126547,1,10.624296,16.001675
4.3345079,6.8972244,1,8.6849756,12.490258
2.0299597,6.2826834,1,8.7838106,13.163434
.51501012,4.3673205,1,7.4760141,5.0625949
3.6380444,4.105793,1,8.2249737,10.397543
1.1397823,6.0190854,1,6.2868505,10.398092
1.6242287,7.2116299,.65386927,8.6827459,11.725728
.75723338,6.4227667,1,7.5769358,10.980587
1.5848709,7.6069012,1,7.7186871,11.676888
1.2205234,6.0609765,1,9.1538296,12.802618
2.9415808,4.155273,1,7.5770707,10.478415
1.8091803,6.7584734,.79425865,9.1731091,12.076163
.97830009,6.1586151,.96151614,8.0295143,12.855599
1.1397823,6.2475624,1,7.655756,12.138329
2.6671259,7.3516207,.90398675,10.108048,12.075104
3.2522531,7.3313851,1,9.8177767,13.352762
2.415751,8.2467394,1,8.9639454,12.117787
.97830009,5.9527631,1,8.8855295,12.508766
2.3529239,4.7079682,.95056027,8.1859694,10.854431
1.3012645,5.9745245,.80831051,7.0993762,10.484166
3.3059282,7.7910423,1,9.2104721,13.475833
1.9706624,5.2187939,.99274236,9.0889549,11.346198
1.833896,7.1423469,1,9.3485756,13.297996
2.6779137,7.8862286,.97154874,9.2501831,12.744553
2.1321445,6.5718021,1,8.7105513,11.758566
1.7069952,5.9237752,1,8.097724,11.158861
1.202322,6.1350846,1,6.3229456,11.198981
1.0408399,7.8000922,1,8.6205463,13.198142
1.8088927,7.7204247,.59232175,9.5566359,15.932488
1.665612,7.3390574,1,8.5634632,11.454576
4.0739813,6.4998932,1,8.3214836,10.224339
1.9078352,7.7301335,1,8.7576246,11.597377
1.3638041,5.1382551,1,6.873313,10.70605
.67649221,7.2066679,1,8.6937656,12.283038
2.2721829,8.0527067,.99140108,9.2245932,14.052636
1.9492185,4.5968595,1,8.2415867,11.831699
1.4233887,4.7861776,.86389941,7.4435892,10.679666
4.1588106,6.6021075,1,8.6876936,12.438838
2.8608396,7.2257285,1,9.3236265,15.048945
.83797443,5.6958408,1,8.6323004,11.283927
5.9350767,9.2496576,.97164959,9.1456852,14.379118
2.1914418,4.2299962,1,8.6520023,13.329882
2.7800987,6.3677068,1,9.276226,12.034056
2.5772333,2.9280431,.88705903,7.8982544,12.100712
2.5557895,6.6417584,1,10.020066,14.286763
1.4051874,4.4083099,1,9.8533449,10.549202
2.3743677,5.9237752,1,8.8474617,10.325417
2.1568604,7.1336131,.70454842,8.7761288,12.434005
3.1444464,7.7864866,.89388084,10.80269,14.161225
2.1412961,6.8972244,1,8.9110403,12.733755
.59575117,6.3094378,1,7.4460588,10.773504
1.2205234,6.268199,.95606208,8.1615543,11.595841
1.4233887,7.3532419,1,7.5058885,9.9039373
5.8404078,5.7306905,1,9.1153498,11.367923
2.0299597,4.9053869,1,7.9853029,10.954606
.97830009,7.2572274,.84827018,7.8373604,10.694261
1.9492185,6.0609765,.75534904,8.6611528,10.955689
.83797443,6.8102131,1,8.6811972,12.235816
2.2936268,5.4756484,1,7.5595646,11.923697
.59575117,3.5320377,1,6.4457197,10.323414
3.1444464,6.7918639,1,8.8698702,13.028846
2.8608396,7.5390782,1,8.7012844,12.598115
2.0299597,8.4037676,.74350631,9.2365866,13.53182
2.0299597,6.8388891,1,8.3409014,11.097032
2.9415808,8.5918198,1,8.365737,8.9871969
1.4233887,5.0428801,.99121767,8.618145,11.765534
3.5481515,6.7309074,1,9.6890192,13.129725
2.0514035,6.2025208,.99340969,7.6069589,13.359804
1.1397823,6.8041339,1,7.2940402,12.952997
1.2619066,4.9806576,.68661517,7.6287432,10.177667
1.5848709,8.6120234,.59176064,9.2846966,12.987459
1.0639197,4.78158,.61473137,7.2887082,7.6563373
1.1397823,6.1119623,1,8.3706427,11.383546
3.6288927,5.004539,.75007236,8.1422796,11.58743
2.0299597,6.7550206,1,7.8262668,12.402124
4.2947607,9.0224228,1,9.1966038,12.845291
1.7877364,4.9350719,.61809272,9.0455465,12.190959
4.7290616,7.1179652,1,9.5744143,14.72699
2.2936268,8.0322046,1,9.6226473,15.453341
2.3135662,4.9662032,1,6.3003106,12.139259
1.2619066,2.0263512,1,6.7127919,11.277102
1.1397823,4.9554172,1,8.4884319,11.725048
2.8699913,4.7487903,1,7.7672143,8.4531879
.97830009,4.9110708,1,6.4207501,10.50682
1.5041299,3.0497401,1,6.8521895,8.5203876
1.7877364,4.1290703,1,8.0818777,8.793005
.79861665,6.840066,1,9.7250013,13.960476
1.0590413,6.1586151,1,7.8021874,11.218272
.97830009,4.3069572,1,8.3486719,11.302908
1.5434877,5.4884572,.88034117,8.4156809,12.018906
1.3012645,4.7676587,1,7.497313,11.397806
2.9415808,7.4452815,1,8.5847654,11.911701
.51501012,7.6957321,1,7.846971,11.767498
2.9415808,2.474376,1,7.9897575,9.6404982
.43426907,3.9846072,1,7.3752213,10.874834
1.2205234,6.4887547,1,8.6955385,10.769684
.43426907,4.0966935,1,6.8722782,9.3574667
1.5073724,6.840066,1,8.2666912,10.490607
3.2844844,7.0168824,.71093613,9.7407675,11.646871
.43426907,6.2062969,1,6.5367584,10.185541
1.3426478,1.6208861,1,7.2472386,9.2137346
3.4443307,1.5534449,1,7.9466667,7.8520503
2.6579742,6.8747516,1,9.0800486,10.192419
2.4249027,4.8823214,1,8.1155691,11.006756
1.3012645,6.7668629,1,8.9351425,11.981678
1.2619066,6.8633227,1,8.4993134,12.265285
4.1547222,7.0272775,.75903904,9.3016977,13.148031
4.4383287,8.1965075,.72542661,8.9619856,15.593847
3.5481515,4.8823214,1,8.1383419,10.91975
3.0223217,8.9743443,1,9.6507845,16.010622
.43426907,4.2474432,1,6.5649128,9.7179403
4.5282216,6.365818,1,9.3355503,11.787522
.43426907,5.2110257,1,5.7961855,10.157199
1.4266312,6.3430662,1,6.6605558,10.088057
.816818,4.6848865,1,6.0668736,8.5024853
1.2205234,5.8631506,.78172129,7.9483619,11.010151
.99945652,6.4227667,1,8.079586,11.358608
.59575117,5.2164102,1,8.1620979,10.730466
1.8899213,6.8860512,1,8.4497862,12.091784
1.7284391,6.0228219,1,7.5768495,10.077525
2.1914418,6.404748,1,7.9544048,11.173908
2.2097452,5.9406905,1,8.6822176,13.219249
2.0908632,2.6125264,1,9.6324701,10.565789
.75723338,4.0108447,1,8.2057047,11.91785
2.2936268,6.4578581,.54467601,8.7834835,11.898439
1.7284391,7.5332131,1,9.8298426,13.770514
1.7069952,6.8342848,.89176548,9.0774288,11.704372
1.2205234,4.6989994,1,7.5518842,10.68279
1.7069952,1.4031627,1,8.75949,10.245728
2.1914418,7.0513754,1,8.0674944,11.465844
2.6993575,7.209599,.36617285,7.6956587,12.114121
1.7463531,5.5428596,.50734001,7.9381967,10.657541
.51501012,5.3790483,1,8.0662069,11.396762
2.3350101,6.7794414,.52004731,8.6243734,11.276836
1.5848709,6.3094378,1,8.0076218,10.522504
2.1735277,4.8371496,1,7.5640211,10.325023
1.3820055,7.0853624,1,8.0654039,11.074188
3.6288927,9.6199808,1,9.1516018,11.97035
.67649221,5.3130212,1,7.0949559,11.433113
2.7478671,2.7480717,1,8.1832304,11.778937
1.9078352,9.094449,.93137211,8.5794144,13.964138
1.3426478,6.1586151,1,10.767695,13.363042
1.0639197,3.851368,1,6.8452659,9.2208843
2.0927868,6.6459103,.53071272,8.87183,10.19047
1.2205234,8.5543938,.78113568,8.5040026,11.913994
1.0316881,6.8517623,1,8.1683207,11.013864
2.6993575,6.6169224,1,8.4696207,12.165657
2.0299597,7.7445226,1,8.786088,12.63134
1.202322,5.9550462,1,7.4114571,10.258536
2.3350101,4.6746821,.56789821,8.6638861,11.560982
.59575117,5.494801,1,9.2529192,13.211716
1.7694329,6.6740808,1,9.1146383,14.003775
1.5252863,6.6058321,1,6.9709458,11.109533
.59575117,4.4768562,1,8.7204494,13.974222
2.1198523,4.6359944,1,8.1997147,11.663042
1.4859285,6.6947002,1,9.733552,15.081613
2.1735277,7.2416019,.66205406,8.9819088,12.259846
3.2251873,6.7794414,1,9.1888914,11.379395
4.9179993,7.521379,1,9.6662006,14.020897
2.83776,5.0336108,1,7.3445439,11.445524
.70872378,4.8823214,.88859856,7.8674707,9.7374334
2.5557895,6.3677068,.84942412,8.5414934,11.554921
1.8362459,4.0948639,1,8.0819979,13.703589
1.4266312,2.9683945,1,8.7849255,11.290432
1.8824055,7.3026896,1,9.3310041,11.759786
1.2205234,7.2460017,1,8.597702,10.573213
1.5434877,8.1965075,.56730747,9.2468967,15.477731
3.0223217,4.1891742,1,7.8648157,11.341366
1.9492185,6.7794414,1,9.8392668,16.711864
4.0812097,.094829753,1,8.2600107,12.715282
1.6747638,4.1003432,1,8.3805008,10.361861
1.665612,9.2097597,1,7.6260448,13.19189
2.7387154,7.0801015,.67044878,10.052536,13.453201
1.2830631,7.0305891,1,8.5004978,12.327998
2.5863848,5.2306285,1,8.3675947,9.5865822
2.616693,3.846684,1,8.7661543,10.466127
.59575117,4.1723671,1,8.4203434,10.290891
1.9492185,7.9108434,.51018959,10.069452,15.159159
2.1735277,5.5944543,1,8.4231138,10.714085
1.1397823,8.2292976,.37103912,8.7187691,13.329868
2.1914418,7.9830518,.89335877,9.2444057,14.251828
2.9415808,6.3726006,1,8.4165478,9.7879648
2.3135662,7.6749172,1,8.6247864,12.492754
.91871548,7.0978951,1,6.1346922,10.073694
.67649221,6.8517623,1,7.5792403,11.900111
1.9492185,4.4892788,1,7.457571,9.3161411
.75723338,8.8271341,1,10.237381,13.642928
1.665612,7.9542427,.9466365,9.604784,14.722317
1.6688545,7.3602595,1,8.2289133,9.9938765
3.5481515,5.6520438,1,9.3958073,10.819778
2.2542689,1.8175964,1,6.8109536,11.87176
2.1520839,1.8526878,1,8.7103186,12.321738
.97830009,8.3270044,.83792275,8.6856899,11.665844
2.5649409,6.8747516,1,8.3068714,11.320142
2.232825,5.8999648,1,8.9338055,11.489145
2.1107006,5.842948,.74030626,8.7924566,10.420494
3.7489915,6.0527377,.25015238,9.0128479,11.58896
1.5041299,6.6459103,1,8.0666609,12.139848
1.7877364,5.3318038,.76955616,8.7103786,12.566973
2.8055282,.83676714,1,8.4230404,12.345069
.51501012,4.2138672,1,8.482583,11.791754
1.4627466,5.5398417,1,8.1783199,10.10753
3.5573034,7.5903716,1,7.516696,11.375329
2.9292886,3.6033857,1,5.8735986,8.6480455
2.415751,3.9449775,.96851182,7.2717218,10.188742
1.5848709,5.5368147,1,7.5848694,10.281034
3.6702759,8.6140213,1,8.6911144,14.05924
3.1607242,5.1200252,1,8.5293894,7.8160138
2.8393958,6.7412205,1,9.6813021,12.807652
.59575117,6.404748,1,7.3478575,10.266984
.43426907,5.8085628,1,7.5527344,10.673804
2.2005935,6.9789071,.92002523,9.283679,12.688906
3.9932404,7.8223648,1,9.0112648,7.5735312
2.2861109,7.7910423,1,9.9223652,14.8572
1.2527549,5.2306285,1,10.577644,14.133645
1.2205234,8.4808655,1,9.2283325,12.840693
1.665612,7.2649493,1,8.4385767,12.202807
.67649221,8.9713888,1,8.5784569,13.744246
.98317862,8.8911686,1,9.1472483,13.408719
1.9492185,6.6315212,.5787214,8.2229767,11.881726
1.665612,9.7814045,1,9.2577953,12.556796
.75723338,2.4650736,1,7.8406296,10.333905
.51501012,5.4889116,1,8.8058729,13.126686
2.1198523,6.8359399,.85180426,8.8490286,12.90694
.43426907,3.2560766,1,8.0682859,11.148161
1.7877364,2.545835,1,8.6242533,11.092976
1.202322,4.2299962,1,8.966136,12.260561
3.0223217,8.4280996,1,9.4986401,14.590698
1.3820055,7.8068261,.42286789,8.2010088,11.234296
.51501012,7.0123372,.89860314,7.9952006,11.46576
4.3575878,6.5783958,1,8.0300703,11.102443
1.3426478,4.2203498,1,7.5285611,11.29754
.43426907,5.2596159,1,8.1961031,12.426473
.89755905,5.4419374,1,6.7855525,9.9359064
1.9492185,5.9527631,1,9.388711,13.676387
1.665612,7.4212952,.59712625,8.26579,11.046276
1.7284391,2.3669558,1,5.4086413,10.656507
1.7209234,6.8424163,1,8.6555281,11.431509
3.2251873,6.4917593,1,8.7152033,13.118907
1.5848709,9.5481167,.96368331,9.1022406,13.663525
3.2251873,6.8041339,1,8.8290443,11.100496
1.7463531,7.6037812,1,9.0340414,10.762869
2.5772333,5.9527631,.33514979,8.6498833,11.713946
.75723338,1.7812288,1,7.5299239,11.623599
2.3135662,3.7084467,1,8.5747194,11.918764
1.665612,6.7668629,1,8.0174141,9.4476233
1.202322,6.6459103,1,7.93119,11.297192
2.415751,6.2120457,.70716286,7.8324718,10.925488
1.4233887,5.9748039,.70769012,8.2662239,11.634594
1.7877364,6.3094378,1,9.5634031,14.41858
1.1397823,7.4080501,.99071515,9.1722088,13.650636
3.4674106,3.8443339,1,7.5670595,9.9063835
2.3943071,6.5416603,1,9.2978535,12.0311
1.5434877,6.558639,1,7.698493,10.524521
2.4750483,5.3876319,1,8.2731619,12.713755
.91871548,5.7242479,1,6.1326799,7.6309466
1.8684775,6.8548965,.92561531,9.3840847,12.131763
1.0590413,3.5416377,1,7.2029357,7.3537221
1.4233887,6.6878743,.69076663,8.3222551,12.573462
2.1735277,5.3841066,1,7.9046726,8.6258678
1.8270942,6.6406102,1,8.6732645,12.721605
.96009874,4.761095,1,8.5009575,12.748671
3.6726258,6.5702624,1,9.6725626,13.783091
1.9706624,8.4232807,.94824368,9.1744337,13.136463
.51501012,4.6969953,1,9.4880257,13.097173
1.7463531,5.7922587,1,8.898159,13.517156
2.9415808,7.4911652,.71609223,8.6317835,12.860942
1.4051874,6.4917593,1,8.0283689,8.1022835
.97830009,5.393147,1,8.5331001,11.088568
1.5041299,5.1414757,1,9.6148577,13.675604
.97830009,5.393147,.74670392,8.6089039,11.935523
3.3452861,8.3323088,1,8.9960594,12.292883
.67649221,.78797692,1,7.7789083,10.571778
.96009874,4.7363319,1,7.9770174,11.424859
.89755905,5.6154904,1,7.7907786,11.125614
1.5848709,5.2911143,1,8.166831,12.35501
1.665612,3.8948033,1,8.3531628,11.48327
1.9492185,3.7428873,1,8.3552761,12.38019
2.868068,2.9280431,1,8.2639914,11.209141
1.5041299,7.0692153,.92760515,8.8457966,12.169575
1.665612,7.0321436,.44736329,8.5623665,11.057992
2.3350101,5.1643629,1,9.0980415,12.424043
2.0332022,7.4603896,.61059374,8.7506227,11.845375
2.5772333,5.3886371,1,7.1355338,9.8333874
1.2619066,7.0025849,.87468946,8.554347,11.271249
.83797443,7.3390574,1,8.9512606,12.649155
2.1321445,5.0162697,1,8.4300632,11.681883
1.5848709,8.5155125,.52971739,9.6965752,15.214228
.97830009,8.2263603,.97937149,9.0392179,10.300753
2.6993575,6.4511108,1,7.2421498,11.236526
.97830009,4.9078269,.67953259,7.6403942,10.927735
5.4183989,6.2208252,1,8.9584665,11.355523
2.0299597,9.822773,1,9.1621695,12.55108
2.9093492,9.7168961,1,8.3074226,12.834682
2.4964921,5.8184147,1,8.2238941,11.728109
2.1107006,6.1678743,1,8.8118811,12.7739
.43426907,4.4412293,.65432101,7.7937865,12.372011
2.7980125,7.835494,.71431309,8.6788034,13.124361
1.9706624,7.5903716,1,7.2010031,13.523944
.51501012,6.4134374,1,8.0941734,12.115305
.95094705,5.0569749,1,7.8341632,11.630921
.43426907,7.2253284,1,8.1511803,10.995729
2.4842,5.3921466,.88839543,8.7335758,8.8937101
2.1735277,5.4080358,1,9.4620752,13.195127
1.202322,6.8569813,1,9.1061363,12.725819
1.5041299,4.9484215,1,8.7873611,10.223286
1.8684775,6.2686157,1,8.295887,12.711383
2.6993575,6.0350013,1,8.2256203,11.761931
2.7800987,8.8009892,.47550681,9.3091736,12.505184
1.0590413,7.6444387,.93477458,8.9868975,13.079576
2.6134505,6.8736148,1,9.2804432,12.869992
2.3350101,8.48419,1,9.685812,13.900679
3.183804,6.5861602,1,7.4390044,13.058471
.89755905,5.7406301,.51440185,8.6414099,11.781417
1.202322,5.0569749,1,6.7880716,11.496939
.89755905,7.6263824,.77190155,8.5860739,11.903757
2.0299597,6.9512916,1,9.6543856,12.674077
.91871548,6.5934129,1,7.7225671,12.351505
.97830009,7.5564699,.92415178,9.2120047,14.335494
.43426907,7.6957321,1,8.9891615,11.721897
1.5848709,5.6681237,1,7.8190851,11.169717
4.7382135,8.1307564,1,9.8683968,15.050692
3.831758,5.938664,1,8.9782057,11.155893
1.3012645,8.6991177,1,8.3560476,11.136004
3.4551184,7.2649493,.81191099,8.9806061,12.132426
1.4266312,6.506484,1,8.7609425,10.665741
2.3350101,5.7296195,1,9.2090721,12.43925
1.4233887,6.7149029,1,8.3926497,12.32402
.83797443,6.6960597,1,7.6409264,12.392764
3.3059282,2.5629294,1,6.2146082,7.3178763
1.7495955,5.8631506,1,8.3079786,12.478273
.51501012,7.3026896,.91228765,9.5532265,11.312655
1.0590413,2.0263512,1,6.0555935,8.4368505
2.0514035,5.4925399,1,8.6478958,12.367341
2.1914418,6.4060202,1,8.1610184,11.007833
2.9507325,7.7301335,1,7.9270768,10.721614
.59575117,6.8860512,1,7.3024936,11.163765
2.9415808,7.4080501,1,10.449573,12.940842
2.9233794,7.3026896,1,8.3069324,8.2374792
3.0223217,8.0214319,1,9.1082954,12.278882
3.0223217,6.8633227,.94729078,8.2835369,11.840314
.97830009,4.77139,.94092143,7.8170409,10.708779
.97830009,4.9963942,.76368362,6.5864501,9.3923283
1.7877364,6.0350013,.54746813,8.4738264,9.9869547
2.8608396,4.0763788,.85481411,7.4687777,7.8838234
2.3620756,6.0083327,1,8.0435266,11.206563
.99945652,6.9590511,.99903715,8.5898027,12.117236
1.5252863,5.8869286,1,7.2683501,12.663628
.67649221,9.6987648,1,8.5945091,10.581267
.89755905,3.238982,1,9.354908,12.363422
1.7463531,6.3761616,.68364614,8.9157848,9.3645201
1.5848709,6.9617629,.73428881,8.0672359,12.057648
2.3135662,7.8103547,.92197013,9.2125463,13.342989
2.8608396,6.4387102,1,8.9313488,13.608486
2.7033434,3.4198658,1,9.3258181,11.879074
.51501012,7.9580965,.48038939,9.7503109,12.88917
1.5848709,7.5332131,1,8.7373924,11.968906
1.1215808,6.6880112,1,7.7443566,10.806976
4.110199,5.6820784,1,6.9704022,10.699574
1.2739112,7.342978,1,8.1330929,12.309774
.8793577,8.8190374,.87572283,9.3107443,12.991508
1.4233887,7.9580965,.9465102,7.5489755,11.450274
2.3835194,4.8629689,1,10.045323,12.557025
4.8834176,6.8282318,1,8.7176828,11.066638
.96009874,2.9740283,1,7.9707198,9.9314432
2.4964921,7.4408398,.33521169,9.3649683,11.91103
1.5940228,6.4595804,.64463294,8.9220009,11.084463
2.2721829,7.2771058,1,8.7218609,13.141576
1.8270942,1.6840651,1,8.4791594,12.178352
1.8684775,7.2561412,1,8.6448603,11.451039
1.7373035,4.6089807,1,7.1718855,9.3779716
1.8899213,6.9823823,1,8.4052191,11.365712
1.0590413,5.8631506,1,9.7703381,13.153862
2.1735277,7.2176962,1,8.8779087,12.001181
3.6702759,7.1849065,1,9.0249262,12.904207
1.665612,4.1808062,1,8.3054934,10.575079
1.665612,7.2416019,1,8.9968843,13.279367
2.8194563,4.7188215,1,9.2250147,12.83531
3.6559582,6.6001654,1,7.6946387,10.856785
1.8899213,4.2363758,1,7.6539025,9.2465763
1.5041299,7.8986731,.54621285,8.7303715,12.647249
1.6688545,5.2253199,1,8.7420988,12.411199
.97830009,4.0930305,1,8.0319109,10.649014
.75723338,5.0667243,1,8.2953806,12.042418
2.3350101,5.9152093,.96253282,9.4096413,13.437283
2.415751,1.3475928,1,8.3745928,11.817111
1.0590413,5.5329089,1,7.2954326,10.848969
1.8684775,3.9364305,1,9.2986908,12.942861
2.0332022,2.796191,1,7.8342161,11.089087
.89755905,4.9623642,1,7.8507419,11.691072
1.4266312,5.7577901,1,10.554327,10.030076
.67649221,4.953867,1,7.6366134,10.785021
1.3426478,5.3662896,1,6.384253,11.570543
2.2936268,8.1965075,1,9.2927942,13.527695
1.5666696,5.6932516,1,9.2084713,14.234874
1.8684775,7.1510048,1,9.6125431,14.360738
3.1715119,5.4561219,.51192588,8.3527298,10.694215
1.1397823,8.3054981,1,10.025092,15.621009
1.5848709,5.9481812,1,8.0152035,10.830105
1.5132816,6.9221339,.89357597,7.8297105,13.32775
2.3832321,7.2687879,1,9.393795,12.369891
.91871548,5.6278238,1,7.7496758,10.281376
1.202322,6.63831,.61696911,8.9378414,10.338932
2.0299597,6.2260561,1,8.2049265,11.435266
2.4551089,4.3433251,1,8.510149,10.780996
1.1397823,5.7177639,.99931121,8.6889038,12.276065
2.1107006,5.2062149,.87256652,8.2261305,9.748703
2.0299597,8.3888798,1,9.629096,12.111213
4.3989711,6.2347145,.73185819,9.0305643,12.737765
1.8684775,6.4404659,.93343067,9.5066261,14.995089
2.618329,6.1298327,1,8.3998671,12.807691
.8793577,6.9192033,.61071652,8.8701572,12.354114
1.5041299,4.4123178,1,9.6957207,13.387246
3.3544378,6.5968699,1,8.1862068,10.717413
1.2205234,4.5480137,1,7.6233368,10.644925
1.665612,5.1749911,1,8.4602537,11.802875
1.7877364,7.0025849,1,8.7890396,12.136723
1.8684775,5.68507,1,7.9206553,10.043553
1.9492185,6.8747516,1,9.4513702,12.202892
2.6811562,7.2649493,1,10.157844,15.022977
2.2542689,5.6162906,1,7.2246389,9.1965456
.8793577,4.134366,1,7.1681762,9.2556963
.97830009,4.5256467,.2592431,8.1044006,10.091791
4.4959898,7.6301265,.89972162,8.2316284,13.546931
.59575117,4.1413836,1,7.9985938,9.79568
3.1806636,6.9192033,.7895757,8.1953897,12.184849
1.5041299,7.2649493,1,8.6891899,12.98723
1.6780062,4.7266421,1,8.5546112,8.8798904
1.6959202,4.8814878,1,8.424201,10.295056
2.5649409,6.9823823,1,9.3806772,13.112111
1.4266312,4.4843283,1,8.086134,10.51491
.75723338,4.8052607,1,8.1256294,10.935711
.89755905,4.6716003,.72632807,6.2095795,9.0619564
2.203836,8.9341068,1,9.6141987,15.485103
2.6579742,3.3490727,1,7.2355142,8.7430534
2.9415808,7.0978951,1,9.2845325,14.641438
1.665612,5.8665824,1,8.2223597,13.285842
2.7387154,6.8517623,.54674441,9.2833242,11.9138
1.1215808,4.9405904,1,9.0540504,11.956328
2.4313152,4.4868069,1,7.2235508,9.5941048
1.5940228,6.2260561,1,9.128871,13.042365
3.7601688,6.3178029,1,9.3159561,12.142994
1.665612,7.0389171,1,8.9418383,13.755017
2.3761058,5.2463861,1,8.0358791,8.6913147
2.9001975,7.9386783,.56684715,9.3220148,14.654489
2.2861109,5.7560525,1,8.9987049,14.198398
1.1215808,5.8887577,1,7.0842223,10.323611
2.5649409,5.9770374,.55011946,8.3021097,10.260882
2.1500585,7.5564699,1,9.060462,12.88182
3.0999227,5.2816567,1,8.6266317,11.611865
2.9415808,9.2951202,1,9.8122349,15.798854
1.3426478,5.0722528,.68668252,8.1558857,10.33397
1.0590413,8.5996265,.49529466,9.6216736,15.545749
.67649221,2.80288,1,6.6120987,10.147649
.816818,4.2995224,1,7.232749,9.9001322
2.3350101,7.4725885,.50321907,9.0747471,13.220427
2.3529239,7.6704144,.40347788,8.8553085,13.438633
1.7555048,6.8052311,.92288786,7.748785,8.3934422
3.4765623,4.7648511,1,8.4335814,10.54334
2.7172713,5.6360931,1,8.341239,11.313145
1.202322,7.562201,1,8.7926741,11.898188
3.6488321,6.8517623,1,8.4727535,12.038836
.67649221,6.8972244,1,6.7498541,9.6354122
2.7586548,8.6702919,1,9.3060799,14.755518
2.5772333,9.106719,1,9.1204042,12.906196
2.1735277,4.327486,.70779252,7.7011299,10.474467
1.4233887,7.6014214,1,9.940547,12.779873
1.3012645,7.4010253,.53151977,9.0773087,14.025771
3.264545,8.9904594,1,8.9041739,13.067692
1.5041299,6.7541237,1,9.0890541,12.310883
1.5848709,6.6740808,1,8.0202341,10.842068
1.9492185,6.0083327,1,9.7189045,11.717016
1.5041299,5.4246459,.51424003,6.7949729,10.210936
1.1397823,5.1054649,1,7.1559911,9.8170033
.8793577,5.6932516,1,8.21978,11.412176
1.4233887,6.8041339,1,9.3134394,13.010788
1.8270942,6.6200061,1,6.8087745,9.7155304
1.5041299,5.6282191,1,8.4955807,14.036251
.43426907,7.7349529,1,9.3868446,12.18224
2.5772333,6.041297,.57218438,9.5960407,12.966879
3.7279372,6.2892351,.54580969,9.3443804,13.870566
1.0408399,8.316309,1,9.0556898,12.708032
1.5848709,4.9094501,1,8.4322405,11.109773
1.5041299,7.521379,1,8.7954321,12.379278
.51501012,6.0347381,1,8.3580389,12.031279
1.4233887,6.8633227,1,7.637126,10.91538
2.6735382,8.6579523,1,9.3628292,14.370544
.97830009,7.7445226,.99073309,9.2365589,11.8706
1.2619066,4.8432341,1,6.8294077,12.748673
1.5041299,4.6622982,1,7.9766207,10.79105
1.202322,8.137208,1,8.2632065,12.955654
2.7387154,9.0630989,.81186247,8.2755022,12.247814
.83797443,3.9866502,1,7.4197216,12.30061
1.1307327,4.0745115,1,8.1457825,9.3109093
2.2542689,6.6740808,1,9.0719194,11.205041
1.8684775,5.3851151,1,8.0222178,11.977917
.8793577,8.4954891,1,8.2674446,11.462358
.816818,4.8142209,1,8.6307116,12.683238
1.0408399,3.6270554,1,9.4301796,11.472488
.75723338,5.3946462,1,7.9213333,11.143166
1.6474106,7.1765385,.486148,9.1024666,12.169352
3.5481515,7.1248026,1,9.2387781,15.152615
.96009874,8.5691156,1,9.0578976,11.481373
1.0590413,5.8659592,.83728969,8.0811033,12.152007
2.3350101,1.0503414,1,8.4672184,11.357791
.51501012,4.9311118,1,9.0535841,10.468005
1.7877364,6.9407096,1,8.5738945,11.821512
1.7909789,3.6444471,1,8.1680241,8.1098261
1.1215808,4.9585109,1,8.5996819,12.60044
.816818,6.152082,.79092348,8.6346064,11.347249
.816818,5.8339796,1,8.4304066,11.661268
2.9185009,4.9126892,1,7.7692642,9.8990278
1.9492185,6.8860512,.35120898,9.189743,13.81591
.59575117,1.7042677,1,8.7712555,11.846522
1.8684775,3.3490727,1,7.3927598,11.511995
1.3820055,5.5175748,1,7.3278589,11.531787
.89755905,7.0907788,1,8.1257267,10.383905
2.0299597,7.8822117,.68683696,8.9058704,10.850598
.59575117,6.5953684,1,7.4920416,10.849337
.89755905,6.4136176,1,9.114542,14.057673
2.0514035,5.2282724,1,8.1529417,10.405171
1.6747638,8.067296,1,8.7873678,11.625182
1.0590413,1.4811242,1,6.4804277,10.463503
2.3027785,6.170176,.91422975,8.9465685,10.309086
3.2736969,5.7647109,1,8.6378841,13.458693
3.1444464,6.4715567,1,8.7763186,11.651904
1.7695351,6.6459103,.94736689,10.200474,13.848946
1.1397823,4.2251849,1,8.2429256,10.694895
.51501012,5.393147,1,6.3011327,9.4068937
1.6747638,6.1586151,1,8.8771811,12.834948
.99945652,3.903712,1,7.0318832,11.162828
2.3350101,4.5456824,1,8.3138943,9.6682081
3.7510171,6.5562978,.66937208,7.9887614,11.574829
2.3350101,7.2649493,.68106258,9.8715992,14.261477
.51501012,7.2952547,.97340852,7.7973771,12.356959
2.0514035,8.6906681,.52835447,8.8653364,13.174955
2.6671259,6.6942921,.53266591,8.7705278,12.915969
4.2768469,6.9192033,.65679663,10.750225,14.468877
.51501012,8.7831154,1,9.5149593,13.072336
1.7463531,8.7073336,1,9.5245342,13.355853
1.4233887,5.3392191,1,8.8500795,10.612262
1.7069952,5.1555243,.50283563,8.0458794,11.051096
.43426907,4.8823214,1,7.7045131,11.63323
2.8608396,6.728148,1,7.9076018,10.962666
.75723338,5.5329089,1,7.2314801,10.066966
2.0332022,5.5666804,1,6.5732875,4.9126549
4.4776869,5.3200388,1,8.5980177,11.563875
2.415751,8.4135723,.99961311,8.7088833,11.780935
.816818,7.7910423,.67111874,8.7440586,12.220962
2.232825,5.027143,1,8.8005629,10.179071
2.8699913,8.3296604,.65516961,9.4801617,13.324488
8.7327576,5.0364723,1,8.6174364,10.665764
.97830009,5.9406905,1,8.7514305,12.134577
.67649221,5.8045945,1,8.1492081,12.303082
.97830009,7.0025849,1,7.9687347,13.638535
.816818,4.1891742,1,8.9281702,10.974797
1.8896339,8.8789921,.87368029,9.3889141,12.968874
1.4233887,6.5484548,1,8.4179735,13.211145
2.4964921,8.0439215,.52313048,8.1370611,12.367711
.43426907,6.0190854,1,7.2537646,12.397329
2.1107006,4.9561915,1,8.2005424,11.048824
3.831758,6.4917593,.99618614,9.2132492,12.18587
1.0590413,4.3054748,.74749804,7.4405742,9.1011953
3.3544378,8.7360086,.88533211,9.8000422,14.427447
.43426907,5.5095959,1,8.0006018,11.531384
.43426907,4.3659248,1,8.3831663,11.455297
.89755905,4.7834215,1,6.6846118,10.799576
1.3426478,6.9874716,.724338,8.8127499,11.863583
2.415751,6.7014799,1,8.7712622,12.567586
.51501012,3.9947803,1,7.4677625,10.1734
.75723338,8.0428619,1,8.2595768,12.287048
2.3350101,7.4104471,.94595623,9.0485182,14.647115
1.0408399,7.602849,1,8.393261,10.710008
.96009874,4.9623642,1,11.688747,11.330204
1.7284391,6.4578581,1,8.3003292,10.465957
3.2828484,4.1021628,1,7.6740847,10.290314
.8793577,3.1103647,1,7.9357224,11.731868
1.4233887,5.7130542,1,8.7687187,12.317829
1.7284391,2.0263512,1,8.3433599,10.080127
4.3989711,7.9771447,1,9.8289251,12.676102
1.2619066,7.5029964,1,7.7553296,10.922913
2.415751,2.5797365,1,7.4105606,10.216764
.67649221,1.3757637,1,7.8993807,9.800458
1.7284391,4.6359944,.78513807,8.0645552,8.9130116
3.2614045,7.1248026,1,9.166029,15.660495
.43426907,6.6235185,1,8.5709906,10.683775
1.3426478,9.0845232,1,9.5819435,15.743112
2.415751,6.4917593,.52964288,7.9322591,11.620883
2.1624527,4.7059822,1,8.4344769,9.5858955
2.2936268,7.6444387,1,9.1979074,13.546323
3.6702759,5.6906557,.87771535,8.162529,9.6861401
1.9492185,5.5480118,1,8.2174253,8.9677591
.89755905,3.5092723,1,8.4898424,11.095302
2.415751,5.9527631,1,8.9871769,13.316001
2.5971727,6.1109872,1,8.0281773,9.9034872
.70872378,6.4227667,1,8.315546,11.20252
4.2052574,6.5870695,1,8.0827246,12.039067
3.1444464,6.6878743,.85779101,8.8854322,13.701221
2.7800987,3.5352478,1,7.4216437,10.779935
2.7800987,6.1350846,1,8.4393015,10.931319
.816818,6.2045217,1,7.1018186,10.151129
1.8091803,6.1048708,1,7.7637067,10.214715
.97830009,6.7691388,1,8.3953838,13.137403
1.9631466,6.8041339,1,8.3004713,14.125932
1.7877364,4.6949873,.87102789,8.5586519,8.8627663
1.2619066,4.695992,1,8.5630865,9.3816013
2.3350101,6.0907841,1,8.1993504,8.9855709
3.9701605,3.289413,1,7.8030248,8.8710842
.43426907,4.7449732,1,7.8586783,8.4422541
.59575117,4.0594454,1,6.7292624,10.36145
.816818,4.7119284,1,8.0055428,10.556203
2.1735277,4.0068526,1,7.9034462,9.2927494
2.2128856,7.5878687,1,8.6528931,12.571014
.43426907,3.7609522,1,8.2584515,10.454668
2.3027785,5.781805,1,7.8162885,10.224049
.51501012,4.0148211,1,7.9209876,11.316034
.43426907,1.4811242,1,8.4134064,11.731555
2.4249027,5.9237752,1,7.4028325,8.6289139
2.0605552,.35719413,1,8.6105528,11.282417
2.1230948,3.6328864,1,7.7087317,9.5428047
2.5772333,8.2835188,.9625625,8.8421249,12.90917
2.6993575,8.5163927,.59904641,9.7614202,14.863531
2.1735277,5.092042,1,8.5765467,10.041073
1.2619066,5.6186881,1,9.7700891,12.812539
4.2354631,5.1376095,1,7.5644655,10.747509
.67649221,4.6359944,1,6.9668727,9.0716524
1.6688545,6.6871891,1,7.2855592,9.4646721
1.2619066,7.1466856,1,7.3900633,10.559348
2.7800987,7.763391,.50128996,8.8999681,12.660328
2.6993575,7.2416019,1,8.8469963,12.736701
4.1153646,4.8239861,1,6.9285564,10.691763
2.5056438,4.1774392,1,7.5160489,9.2129374
2.0514035,7.0025849,1,8.574276,11.718304
2.7800987,7.9733639,1,9.0181923,11.631188
1.2651491,7.2407355,1,9.2667856,13.640085
1.7284391,5.8012753,1,7.2985196,12.196022
1.8899213,4.7353673,.9991591,8.4046955,12.233011
3.9701605,5.1700034,1,9.9602966,11.10181
1.4051874,3.6558759,1,8.3330603,9.2623634
3.3866694,3.650178,1,8.2288065,10.15027
1.7069952,7.6806188,.77957439,8.335063,12.151247
.59575117,2.7689784,1,8.0668039,10.207916
1.8091803,5.2211719,.91683131,8.7737045,10.352012
.78946483,7.2649493,.68040955,8.6278887,15.31424
1.7209234,6.9407096,1,8.7878733,11.944058
